source,target,mirtarbase,correlation,qvalue
hsa-miR-30d-5p,FST,,-0.461,0.001
hsa-miR-27b-3p,NEDD4,,-0.448,0.001
hsa-miR-381-3p,ESR1,,-0.428,0.002
hsa-miR-200c-3p,DZIP1,,-0.397,0.004
hsa-miR-342-3p,PDGFRA,,-0.378,0.006
hsa-miR-141-3p,SOX17,,-0.378,0.006
hsa-miR-106b-5p,TGFBR2,MIRT091689,-0.364,0.008
hsa-miR-378a-3p,ABI2,,-0.359,0.009
hsa-miR-532-3p,CHD3,,-0.358,0.009
hsa-miR-17-5p,GNB5,MIRT696203,-0.353,0.01
hsa-miR-106b-5p,RPS6KA2,,-0.336,0.015
hsa-miR-502-3p,CSNK1A1,,-0.335,0.015
hsa-miR-33a-5p,CDH6,MIRT669111,-0.332,0.016
hsa-miR-150-5p,ABI2,,-0.331,0.016
hsa-miR-106b-5p,RASGRF2,,-0.325,0.018
hsa-miR-106a-5p,RND3,MIRT734169,-0.324,0.019
hsa-miR-25-3p,AXL,,-0.324,0.019
hsa-miR-15b-5p,DZIP1,,-0.321,0.02
hsa-miR-27b-3p,ARIH1,,-0.317,0.022
hsa-miR-106b-5p,MMP2,MIRT438153,-0.316,0.022
hsa-miR-378c,ABI2,,-0.313,0.024
hsa-miR-27b-3p,NF1,MIRT727088,-0.311,0.025
hsa-miR-299-5p,ESR1,,-0.308,0.027
PL18049,R-HSA-9006934,,,
PL18064,R-HSA-9006934,,,
PL18066,R-HSA-9006934,,,
PL18067,R-HSA-9006934,,,
PL18068,R-HSA-9006934,,,
PL18069,R-HSA-9006934,,,
PL18070,R-HSA-9006934,,,
ESR1,PL18049,,,
ESR1,PL18064,,,
ESR1,PL18066,,,
ESR1,PL18067,,,
ESR1,PL18068,,,
ESR1,PL18069,,,
ESR1,PL18070,,,
PL09368,R-HSA-162582,,,
PL09370,R-HSA-162582,,,
PL09371,R-HSA-162582,,,
PL09372,R-HSA-162582,,,
PL09374,R-HSA-162582,,,
PL09473,R-HSA-162582,,,
PL09474,R-HSA-162582,,,
PL09477,R-HSA-162582,,,
PL09479,R-HSA-162582,,,
PL09480,R-HSA-162582,,,
PL09481,R-HSA-162582,,,
PL09482,R-HSA-162582,,,
PL09533,R-HSA-162582,,,
PL09579,R-HSA-162582,,,
PL09588,R-HSA-162582,,,
PL09590,R-HSA-162582,,,
PL09591,R-HSA-162582,,,
PL09592,R-HSA-162582,,,
PL09593,R-HSA-162582,,,
PL09594,R-HSA-162582,,,
PL09596,R-HSA-162582,,,
PL09597,R-HSA-162582,,,
PL09598,R-HSA-162582,,,
PL09599,R-HSA-162582,,,
PL09600,R-HSA-162582,,,
PL09601,R-HSA-162582,,,
PL09602,R-HSA-162582,,,
PL09623,R-HSA-162582,,,
PL09624,R-HSA-162582,,,
PL09625,R-HSA-162582,,,
PL09626,R-HSA-162582,,,
PL09627,R-HSA-162582,,,
PL09628,R-HSA-162582,,,
PL09629,R-HSA-162582,,,
PL09630,R-HSA-162582,,,
PL09631,R-HSA-162582,,,
PL09632,R-HSA-162582,,,
PL09633,R-HSA-162582,,,
PL09634,R-HSA-162582,,,
PL09635,R-HSA-162582,,,
PL09636,R-HSA-162582,,,
PL09639,R-HSA-162582,,,
PL09640,R-HSA-162582,,,
PL09641,R-HSA-162582,,,
PL09643,R-HSA-162582,,,
PL09644,R-HSA-162582,,,
PL09645,R-HSA-162582,,,
PL09646,R-HSA-162582,,,
PL09647,R-HSA-162582,,,
PL09649,R-HSA-162582,,,
PL09650,R-HSA-162582,,,
PL09652,R-HSA-162582,,,
PL09654,R-HSA-162582,,,
PL09655,R-HSA-162582,,,
PL09656,R-HSA-162582,,,
PL09657,R-HSA-162582,,,
PL09658,R-HSA-162582,,,
PL09659,R-HSA-162582,,,
PL09660,R-HSA-162582,,,
PL09661,R-HSA-162582,,,
PL09662,R-HSA-162582,,,
PL09663,R-HSA-162582,,,
PL09664,R-HSA-162582,,,
PL09665,R-HSA-162582,,,
PL09666,R-HSA-162582,,,
PL09667,R-HSA-162582,,,
PL09668,R-HSA-162582,,,
PL09670,R-HSA-162582,,,
PL09671,R-HSA-162582,,,
PL09672,R-HSA-162582,,,
PL09673,R-HSA-162582,,,
PL09674,R-HSA-162582,,,
PL09675,R-HSA-162582,,,
PL09676,R-HSA-162582,,,
PL09677,R-HSA-162582,,,
PL09678,R-HSA-162582,,,
PL09679,R-HSA-162582,,,
PL09680,R-HSA-162582,,,
PL09681,R-HSA-162582,,,
PL09682,R-HSA-162582,,,
PL09683,R-HSA-162582,,,
PL09714,R-HSA-162582,,,
PL09715,R-HSA-162582,,,
PL09890,R-HSA-162582,,,
PL09891,R-HSA-162582,,,
PL09903,R-HSA-162582,,,
PL09904,R-HSA-162582,,,
PL09905,R-HSA-162582,,,
PL09906,R-HSA-162582,,,
PL09907,R-HSA-162582,,,
PL09908,R-HSA-162582,,,
PL09909,R-HSA-162582,,,
PL09910,R-HSA-162582,,,
PL09911,R-HSA-162582,,,
PL09912,R-HSA-162582,,,
PL09913,R-HSA-162582,,,
PL09914,R-HSA-162582,,,
PL09915,R-HSA-162582,,,
PL09916,R-HSA-162582,,,
PL09917,R-HSA-162582,,,
PL09918,R-HSA-162582,,,
PL09919,R-HSA-162582,,,
PL09920,R-HSA-162582,,,
PL10035,R-HSA-162582,,,
PL10036,R-HSA-162582,,,
PL10237,R-HSA-162582,,,
PL10238,R-HSA-162582,,,
PL10239,R-HSA-162582,,,
PL10261,R-HSA-162582,,,
PL10262,R-HSA-162582,,,
PL10263,R-HSA-162582,,,
PL10264,R-HSA-162582,,,
PL10265,R-HSA-162582,,,
PL10266,R-HSA-162582,,,
PL10273,R-HSA-162582,,,
PL10301,R-HSA-162582,,,
PL10307,R-HSA-162582,,,
PL10315,R-HSA-162582,,,
PL10316,R-HSA-162582,,,
PL10324,R-HSA-162582,,,
PL10325,R-HSA-162582,,,
PL10328,R-HSA-162582,,,
PL10329,R-HSA-162582,,,
PL10330,R-HSA-162582,,,
PL10342,R-HSA-162582,,,
PL10343,R-HSA-162582,,,
PL10344,R-HSA-162582,,,
PL10348,R-HSA-162582,,,
PL10350,R-HSA-162582,,,
PL10372,R-HSA-162582,,,
PL10377,R-HSA-162582,,,
PL10408,R-HSA-162582,,,
PL10409,R-HSA-162582,,,
PL10410,R-HSA-162582,,,
PL10501,R-HSA-162582,,,
PL10502,R-HSA-162582,,,
PL10503,R-HSA-162582,,,
PL10504,R-HSA-162582,,,
PL10505,R-HSA-162582,,,
PL10506,R-HSA-162582,,,
PL10507,R-HSA-162582,,,
PL10508,R-HSA-162582,,,
PL10512,R-HSA-162582,,,
PL10513,R-HSA-162582,,,
PL10526,R-HSA-162582,,,
PL10527,R-HSA-162582,,,
PL10528,R-HSA-162582,,,
PL10529,R-HSA-162582,,,
PL10530,R-HSA-162582,,,
PL10531,R-HSA-162582,,,
PL10590,R-HSA-162582,,,
PL10595,R-HSA-162582,,,
PL10663,R-HSA-162582,,,
PL10664,R-HSA-162582,,,
PL10665,R-HSA-162582,,,
PL10985,R-HSA-162582,,,
PL10987,R-HSA-162582,,,
PL11017,R-HSA-162582,,,
PL11019,R-HSA-162582,,,
PL11025,R-HSA-162582,,,
PL11050,R-HSA-162582,,,
PL11051,R-HSA-162582,,,
PL11052,R-HSA-162582,,,
PL11053,R-HSA-162582,,,
PL11182,R-HSA-162582,,,
PL11183,R-HSA-162582,,,
PL11185,R-HSA-162582,,,
PL11186,R-HSA-162582,,,
PL11187,R-HSA-162582,,,
PL11190,R-HSA-162582,,,
PL11191,R-HSA-162582,,,
PL11192,R-HSA-162582,,,
PL11202,R-HSA-162582,,,
PL11203,R-HSA-162582,,,
PL11212,R-HSA-162582,,,
PL11213,R-HSA-162582,,,
PL11216,R-HSA-162582,,,
PL11217,R-HSA-162582,,,
PL11224,R-HSA-162582,,,
PL11232,R-HSA-162582,,,
PL11233,R-HSA-162582,,,
PL11234,R-HSA-162582,,,
PL11235,R-HSA-162582,,,
PL11237,R-HSA-162582,,,
PL11238,R-HSA-162582,,,
PL11239,R-HSA-162582,,,
PL11240,R-HSA-162582,,,
PL11578,R-HSA-162582,,,
PL11579,R-HSA-162582,,,
PL11580,R-HSA-162582,,,
PL11581,R-HSA-162582,,,
PL11643,R-HSA-162582,,,
PL11644,R-HSA-162582,,,
PL11645,R-HSA-162582,,,
PL11646,R-HSA-162582,,,
PL11647,R-HSA-162582,,,
PL11648,R-HSA-162582,,,
PL11649,R-HSA-162582,,,
PL11650,R-HSA-162582,,,
PL11651,R-HSA-162582,,,
PL11652,R-HSA-162582,,,
PL11653,R-HSA-162582,,,
PL11654,R-HSA-162582,,,
PL11655,R-HSA-162582,,,
PL11656,R-HSA-162582,,,
PL11657,R-HSA-162582,,,
PL11658,R-HSA-162582,,,
PL11659,R-HSA-162582,,,
PL11660,R-HSA-162582,,,
PL11661,R-HSA-162582,,,
ESR1,PL09368,,,
ESR1,PL09370,,,
ESR1,PL09371,,,
ESR1,PL09372,,,
ESR1,PL09374,,,
PDGFRA,PL09473,,,
PDGFRA,PL09474,,,
PDGFRA,PL09477,,,
PDGFRA,PL09479,,,
PDGFRA,PL09480,,,
PDGFRA,PL09481,,,
PDGFRA,PL09482,,,
DZIP1,PL09533,,,
TGFBR2,PL09579,,,
TGFBR2,PL09588,,,
TGFBR2,PL09590,,,
TGFBR2,PL09591,,,
TGFBR2,PL09592,,,
TGFBR2,PL09593,,,
TGFBR2,PL09594,,,
FST,PL09596,,,
TGFBR2,PL09597,,,
TGFBR2,PL09598,,,
TGFBR2,PL09599,,,
TGFBR2,PL09600,,,
TGFBR2,PL09601,,,
TGFBR2,PL09602,,,
ESR1,PL09623,,,
ESR1,PL09624,,,
MMP2,PL09625,,,
ESR1,PL09626,,,
ESR1,PL09627,,,
GNB5,PL09627,,,
ESR1,PL09628,,,
ESR1,PL09629,,,
ESR1,PL09630,,,
GNB5,PL09630,,,
ESR1,PL09631,,,
GNB5,PL09631,,,
ESR1,PL09632,,,
ESR1,PL09633,,,
ESR1,PL09634,,,
ESR1,PL09635,,,
ESR1,PL09636,,,
ESR1,PL09639,,,
ESR1,PL09640,,,
ESR1,PL09641,,,
ESR1,PL09643,,,
ESR1,PL09644,,,
ESR1,PL09645,,,
ESR1,PL09646,,,
ESR1,PL09647,,,
ESR1,PL09649,,,
ESR1,PL09650,,,
ESR1,PL09652,,,
ESR1,PL09654,,,
ESR1,PL09655,,,
ESR1,PL09656,,,
ESR1,PL09657,,,
ESR1,PL09658,,,
ESR1,PL09659,,,
ESR1,PL09660,,,
ESR1,PL09661,,,
ESR1,PL09662,,,
ESR1,PL09663,,,
ESR1,PL09664,,,
ESR1,PL09665,,,
ESR1,PL09666,,,
ESR1,PL09667,,,
ESR1,PL09668,,,
ESR1,PL09670,,,
ESR1,PL09671,,,
ESR1,PL09672,,,
ESR1,PL09673,,,
ESR1,PL09674,,,
ESR1,PL09675,,,
ESR1,PL09676,,,
ESR1,PL09677,,,
ESR1,PL09678,,,
ESR1,PL09679,,,
ESR1,PL09680,,,
ESR1,PL09681,,,
ESR1,PL09682,,,
ESR1,PL09683,,,
ESR1,PL09714,,,
ESR1,PL09715,,,
ESR1,PL09890,,,
ESR1,PL09891,,,
ESR1,PL09903,,,
ESR1,PL09904,,,
ESR1,PL09905,,,
ESR1,PL09906,,,
ESR1,PL09907,,,
ESR1,PL09908,,,
ESR1,PL09909,,,
ESR1,PL09910,,,
ESR1,PL09911,,,
ESR1,PL09912,,,
ESR1,PL09913,,,
ESR1,PL09914,,,
ESR1,PL09915,,,
ESR1,PL09916,,,
ESR1,PL09917,,,
ESR1,PL09918,,,
ESR1,PL09919,,,
ESR1,PL09920,,,
AXL,PL10035,,,
AXL,PL10036,,,
GNB5,PL10237,,,
GNB5,PL10238,,,
GNB5,PL10239,,,
CSNK1A1,PL10261,,,
CSNK1A1,PL10262,,,
CSNK1A1,PL10263,,,
CSNK1A1,PL10264,,,
CSNK1A1,PL10265,,,
CSNK1A1,PL10266,,,
CSNK1A1,PL10273,,,
SOX17,PL10301,,,
SOX17,PL10307,,,
CSNK1A1,PL10315,,,
CSNK1A1,PL10316,,,
CSNK1A1,PL10324,,,
CSNK1A1,PL10325,,,
CSNK1A1,PL10328,,,
CSNK1A1,PL10329,,,
CSNK1A1,PL10330,,,
CSNK1A1,PL10342,,,
CSNK1A1,PL10343,,,
CSNK1A1,PL10344,,,
CSNK1A1,PL10348,,,
CSNK1A1,PL10350,,,
CSNK1A1,PL10372,,,
CSNK1A1,PL10377,,,
GNB5,PL10408,,,
GNB5,PL10409,,,
GNB5,PL10410,,,
TGFBR2,PL10501,,,
TGFBR2,PL10502,,,
TGFBR2,PL10503,,,
TGFBR2,PL10504,,,
TGFBR2,PL10505,,,
TGFBR2,PL10506,,,
TGFBR2,PL10507,,,
TGFBR2,PL10508,,,
TGFBR2,PL10512,,,
TGFBR2,PL10513,,,
TGFBR2,PL10526,,,
TGFBR2,PL10527,,,
TGFBR2,PL10528,,,
TGFBR2,PL10529,,,
TGFBR2,PL10530,,,
TGFBR2,PL10531,,,
CHD3,PL10590,,,
CHD3,PL10595,,,
NF1,PL10663,,,
NF1,PL10664,,,
NF1,PL10665,,,
RASGRF2,PL10985,,,
RASGRF2,PL10987,,,
RND3,PL11017,,,
RND3,PL11019,,,
RASGRF2,PL11025,,,
ABI2,PL11050,,,
ABI2,PL11051,,,
ABI2,PL11052,,,
ABI2,PL11053,,,
GNB5,PL11182,,,
GNB5,PL11183,,,
GNB5,PL11185,,,
GNB5,PL11186,,,
GNB5,PL11187,,,
GNB5,PL11190,,,
GNB5,PL11191,,,
GNB5,PL11192,,,
GNB5,PL11202,,,
GNB5,PL11203,,,
GNB5,PL11212,,,
GNB5,PL11213,,,
GNB5,PL11216,,,
GNB5,PL11217,,,
GNB5,PL11224,,,
GNB5,PL11232,,,
GNB5,PL11233,,,
GNB5,PL11234,,,
GNB5,PL11235,,,
GNB5,PL11237,,,
GNB5,PL11238,,,
GNB5,PL11239,,,
GNB5,PL11240,,,
RPS6KA2,PL11578,,,
RPS6KA2,PL11579,,,
RPS6KA2,PL11580,,,
RPS6KA2,PL11581,,,
GNB5,PL11643,,,
GNB5,PL11644,,,
GNB5,PL11645,,,
GNB5,PL11646,,,
GNB5,PL11647,,,
GNB5,PL11648,,,
GNB5,PL11649,,,
GNB5,PL11650,,,
GNB5,PL11651,,,
GNB5,PL11652,,,
GNB5,PL11653,,,
GNB5,PL11654,,,
GNB5,PL11655,,,
GNB5,PL11656,,,
GNB5,PL11657,,,
GNB5,PL11658,,,
GNB5,PL11659,,,
GNB5,PL11660,,,
GNB5,PL11661,,,
PL13049,R-HSA-9006936,,,
FST,PL13049,,,
PL05387,R-HSA-418990,,,
PL05388,R-HSA-418990,,,
CDH6,PL05387,,,
CDH6,PL05388,,,
PL13249,R-HSA-1280215,,,
PL13760,R-HSA-1280215,,,
PL13763,R-HSA-1280215,,,
PL13764,R-HSA-1280215,,,
PL13768,R-HSA-1280215,,,
PL13770,R-HSA-1280215,,,
PL13771,R-HSA-1280215,,,
PL13773,R-HSA-1280215,,,
PL13777,R-HSA-1280215,,,
PL13778,R-HSA-1280215,,,
PL13779,R-HSA-1280215,,,
PL13780,R-HSA-1280215,,,
MMP2,PL13249,,,
ARIH1,PL13760,,,
ARIH1,PL13763,,,
ARIH1,PL13764,,,
ARIH1,PL13768,,,
NEDD4,PL13770,,,
ARIH1,PL13771,,,
ARIH1,PL13773,,,
ARIH1,PL13777,,,
ARIH1,PL13778,,,
ARIH1,PL13779,,,
ARIH1,PL13780,,,
PL03753,R-HSA-5663202,,,
PL03754,R-HSA-5663202,,,
PL03755,R-HSA-5663202,,,
TGFBR2,PL03753,,,
TGFBR2,PL03754,,,
TGFBR2,PL03755,,,
