id,label,type,qvalue
ESR1,ESR1,Messenger RNA,
PTEN,PTEN,Messenger RNA,
ETS1,ETS1,Messenger RNA,
GLI3,GLI3,Messenger RNA,
KIT,KIT,Messenger RNA,
PDGFRA,PDGFRA,Messenger RNA,
CDK6,CDK6,Messenger RNA,
TGFBR2,TGFBR2,Messenger RNA,
IGF1R,IGF1R,Messenger RNA,
FOXO1,FOXO1,Messenger RNA,
IFNAR2,IFNAR2,Messenger RNA,
GNB5,GNB5,Messenger RNA,
LAMC1,LAMC1,Messenger RNA,
AKT3,AKT3,Messenger RNA,
FGF1,FGF1,Messenger RNA,
RUNX1T1,RUNX1T1,Messenger RNA,
SOS1,SOS1,Messenger RNA,
TRAF6,TRAF6,Messenger RNA,
ITGA2,ITGA2,Messenger RNA,
ITGAV,ITGAV,Messenger RNA,
CCND2,CCND2,Messenger RNA,
SMAD2,SMAD2,Messenger RNA,
SKP1,SKP1,Messenger RNA,
ZBTB16,ZBTB16,Messenger RNA,
NCOA3,NCOA3,Messenger RNA,
RASGRP1,RASGRP1,Messenger RNA,
PRKCA,PRKCA,Messenger RNA,
JAK1,JAK1,Messenger RNA,
MITF,MITF,Messenger RNA,
IGF2,IGF2,Messenger RNA,
GNG12,GNG12,Messenger RNA,
IL6ST,IL6ST,Messenger RNA,
MMP2,MMP2,Messenger RNA,
CAMK2A,CAMK2A,Messenger RNA,
XIAP,XIAP,Messenger RNA,
BCL2,BCL2,Messenger RNA,
NRG1,NRG1,Messenger RNA,
EIF4E2,EIF4E2,Messenger RNA,
AXL,AXL,Messenger RNA,
ERBB3,ERBB3,Messenger RNA,
NF1,NF1,Messenger RNA,
MAP4K4,MAP4K4,Messenger RNA,
ERBB4,ERBB4,Messenger RNA,
IL1RAP,IL1RAP,Messenger RNA,
CACNA1C,CACNA1C,Messenger RNA,
MAP3K1,MAP3K1,Messenger RNA,
RPS6KA2,RPS6KA2,Messenger RNA,
RASGRF2,RASGRF2,Messenger RNA,
RPS6KA3,RPS6KA3,Messenger RNA,
MAP3K7,MAP3K7,Messenger RNA,
PRLR,PRLR,Messenger RNA,
COL6A3,COL6A3,Messenger RNA,
CREB1,CREB1,Messenger RNA,
MYLK,MYLK,Messenger RNA,
FYN,FYN,Messenger RNA,
LIFR,LIFR,Messenger RNA,
SMAD5,SMAD5,Messenger RNA,
BMPR2,BMPR2,Messenger RNA,
TBX3,TBX3,Messenger RNA,
ACVR1B,ACVR1B,Messenger RNA,
SMARCAD1,SMARCAD1,Messenger RNA,
ZFHX3,ZFHX3,Messenger RNA,
ZEB1,ZEB1,Messenger RNA,
ERG,ERG,Messenger RNA,
RRAGD,RRAGD,Messenger RNA,
FNIP1,FNIP1,Messenger RNA,
ATP6V1A,ATP6V1A,Messenger RNA,
STRADB,STRADB,Messenger RNA,
ANK3,ANK3,Messenger RNA,
KCNJ2,KCNJ2,Messenger RNA,
GRIN2A,GRIN2A,Messenger RNA,
DAAM1,DAAM1,Messenger RNA,
SOX17,SOX17,Messenger RNA,
CCN4,CCN4,Messenger RNA,
CSNK1A1,CSNK1A1,Messenger RNA,
CTNND2,CTNND2,Messenger RNA,
FRZB,FRZB,Messenger RNA,
DAAM2,DAAM2,Messenger RNA,
FOSL2,FOSL2,Messenger RNA,
HIPK1,HIPK1,Messenger RNA,
HIPK2,HIPK2,Messenger RNA,
LIN54,LIN54,Messenger RNA,
COL11A1,COL11A1,Messenger RNA,
SGCE,SGCE,Messenger RNA,
SYNPO2,SYNPO2,Messenger RNA,
TMOD3,TMOD3,Messenger RNA,
FLNC,FLNC,Messenger RNA,
LMOD1,LMOD1,Messenger RNA,
DSC2,DSC2,Messenger RNA,
TPM4,TPM4,Messenger RNA,
SH2B3,SH2B3,Messenger RNA,
PRKG1,PRKG1,Messenger RNA,
CARM1,CARM1,Messenger RNA,
NRP1,NRP1,Messenger RNA,
PTPRD,PTPRD,Messenger RNA,
NRP2,NRP2,Messenger RNA,
SRGAP1,SRGAP1,Messenger RNA,
CABLES2,CABLES2,Messenger RNA,
DYNLL2,DYNLL2,Messenger RNA,
SRGAP3,SRGAP3,Messenger RNA,
KIRREL1,KIRREL1,Messenger RNA,
DDX3X,DDX3X,Messenger RNA,
CAMKK2,CAMKK2,Messenger RNA,
HMGCR,HMGCR,Messenger RNA,
RAB10,RAB10,Messenger RNA,
NEDD4,NEDD4,Messenger RNA,
VTA1,VTA1,Messenger RNA,
CYTH3,CYTH3,Messenger RNA,
DAB2,DAB2,Messenger RNA,
NEDD4L,NEDD4L,Messenger RNA,
GIT2,GIT2,Messenger RNA,
WIPF1,WIPF1,Messenger RNA,
RAB11FIP1,RAB11FIP1,Messenger RNA,
S1PR1,S1PR1,Messenger RNA,
SETD7,SETD7,Messenger RNA,
KEGG:05200,Pathways in cancer,Pathway,2.8125630401675776e-06
KEGG:01521,EGFR tyrosine kinase inhibitor resistance,Pathway,6.143227641514928e-06
KEGG:04010,MAPK signaling pathway,Pathway,6.874507476653198e-05
KEGG:04151,PI3K-Akt signaling pathway,Pathway,9.449431096952244e-05
KEGG:04510,Focal adhesion,Pathway,0.005295698607622175
KEGG:04550,Signaling pathways regulating pluripotency of stem cells,Pathway,0.007513587565330693
KEGG:05215,Prostate cancer,Pathway,0.008197466903705456
KEGG:04150,mTOR signaling pathway,Pathway,0.009719143286170786
KEGG:05205,Proteoglycans in cancer,Pathway,0.009719143286170786
KEGG:04725,Cholinergic synapse,Pathway,0.009719143286170786
KEGG:05222,Small cell lung cancer,Pathway,0.009719143286170786
KEGG:05214,Glioma,Pathway,0.009719143286170786
KEGG:04014,Ras signaling pathway,Pathway,0.011543665229057164
KEGG:04310,Wnt signaling pathway,Pathway,0.021638506645258678
KEGG:04380,Osteoclast differentiation,Pathway,0.021638506645258678
KEGG:04218,Cellular senescence,Pathway,0.021638506645258678
KEGG:04820,Cytoskeleton in muscle cells,Pathway,0.022112109931578975
KEGG:05218,Melanoma,Pathway,0.02526921575835276
KEGG:04722,Neurotrophin signaling pathway,Pathway,0.02526921575835276
KEGG:04713,Circadian entrainment,Pathway,0.02526921575835276
KEGG:01522,Endocrine resistance,Pathway,0.02526921575835276
KEGG:04517,IgSF CAM signaling,Pathway,0.02526921575835276
KEGG:05161,Hepatitis B,Pathway,0.02526921575835276
KEGG:04152,AMPK signaling pathway,Pathway,0.026786895869261196
KEGG:04144,Endocytosis,Pathway,0.026891336136949266
KEGG:05224,Breast cancer,Pathway,0.029427063147294295
KEGG:04926,Relaxin signaling pathway,Pathway,0.03855347499958466
KEGG:04012,ErbB signaling pathway,Pathway,0.03896530036681838
KEGG:04068,FoxO signaling pathway,Pathway,0.041710362769283305
KEGG:04720,Long-term potentiation,Pathway,0.04532913162315
KEGG:04630,JAK-STAT signaling pathway,Pathway,0.04890363078670647
