id,label,type,module_id,connected_component_id,is_in_largest_component,betweenness_centrality,closeness_centrality,degree_centrality,redundancy_coefficient,paths,pathway_reach,functional_impact
hsa-miR-200c-3p,hsa-miR-200c-3p,MicroRNA,1.0,0,1,0.251333307958526,0.2598425196850393,0.0804020100502512,0.0040322580645161,"[('DZIP1', 'KEGG:05200'), ('DZIP1', 'KEGG:01521'), ('DZIP1', 'KEGG:04151'), ('DZIP1', 'KEGG:04510'), ('DZIP1', 'KEGG:05215'), ('DZIP1', 'KEGG:04150'), ('DZIP1', 'KEGG:05222'), ('DZIP1', 'KEGG:05214'), ('DZIP1', 'KEGG:04218'), ('DZIP1', 'KEGG:05218'), ('DZIP1', 'KEGG:05224'), ('DZIP1', 'KEGG:04068'), ('DZIP1', 'KEGG:04140'), ('DZIP1', 'KEGG:05225'), ('JCAD', 'KEGG:05200'), ('JCAD', 'KEGG:04151'), ('JCAD', 'KEGG:05222'), ('JCAD', 'KEGG:05214'), ('JCAD', 'KEGG:04218'), ('JCAD', 'KEGG:05218'), ('JCAD', 'KEGG:05224'), ('JCAD', 'KEGG:05225'), ('ZSWIM4', 'KEGG:04144'), ('LRRC8A', 'KEGG:05200'), ('LRRC8A', 'KEGG:01522'), ('LRRC8A', 'KEGG:05224'), ('ERG', 'KEGG:05200'), ('ERG', 'KEGG:01521'), ('ERG', 'KEGG:04010'), ('ERG', 'KEGG:04151'), ('ERG', 'KEGG:04510'), ('ERG', 'KEGG:05205'), ('ERG', 'KEGG:04150'), ('ERG', 'KEGG:04725'), ('ERG', 'KEGG:05214'), ('ERG', 'KEGG:04014'), ('ERG', 'KEGG:04310'), ('ERG', 'KEGG:05161'), ('ERG', 'KEGG:04713'), ('ERG', 'KEGG:04926'), ('ERG', 'KEGG:04012'), ('ERG', 'KEGG:04720'), ('ERG', 'KEGG:05225'), ('KLF12', 'KEGG:04218')]",0.7878787878787878,0.34498810565925014
hsa-let-7g-5p,hsa-let-7g-5p,MicroRNA,1.0,0,1,0.0470211810493226,0.1316708229426434,0.0276381909547738,0.0,[],0.0,0.0
hsa-miR-30d-5p,hsa-miR-30d-5p,MicroRNA,1.0,0,1,0.0257933537908839,0.1802047781569966,0.0175879396984924,0.0,[],0.0,0.0
hsa-miR-151a-3p,hsa-miR-151a-3p,MicroRNA,1.0,0,1,0.0129294214504902,0.1936903888481291,0.007537688442211,0.0,"[('FRK', 'KEGG:04144'), ('KLF12', 'KEGG:04218')]",0.06060606060606061,0.41405544300945396
hsa-miR-27b-3p,hsa-miR-27b-3p,MicroRNA,1.0,0,1,0.1960479866695596,0.2485875706214689,0.0804020100502512,0.0181451612903225,"[('UHRF1BP1', 'KEGG:04010'), ('UHRF1BP1', 'KEGG:04151'), ('UHRF1BP1', 'KEGG:05205'), ('UHRF1BP1', 'KEGG:04012'), ('HIPK2', 'KEGG:05200'), ('HIPK2', 'KEGG:04310'), ('ARIH1', 'KEGG:05200'), ('ARIH1', 'KEGG:05205'), ('ARIH1', 'KEGG:01522'), ('ARIH1', 'KEGG:04926'), ('NF1', 'KEGG:04150'), ('NF1', 'KEGG:04152'), ('BBX', 'KEGG:05200'), ('BBX', 'KEGG:04010'), ('BBX', 'KEGG:04151'), ('BBX', 'KEGG:04014'), ('BBX', 'KEGG:05218'), ('BBX', 'KEGG:05224'), ('CREB1', 'KEGG:04144'), ('AFF3', 'KEGG:05202')]",0.45454545454545453,0.31439661783260364
hsa-miR-193b-3p,hsa-miR-193b-3p,MicroRNA,1.0,0,1,0.0709827034414299,0.2406563354603464,0.0201005025125628,0.0357142857142857,"[('ATXN1', 'KEGG:04520'), ('RUNX1T1', 'KEGG:05200'), ('RUNX1T1', 'KEGG:01521'), ('RUNX1T1', 'KEGG:04010'), ('RUNX1T1', 'KEGG:04151'), ('RUNX1T1', 'KEGG:04510'), ('RUNX1T1', 'KEGG:05215'), ('RUNX1T1', 'KEGG:05205'), ('RUNX1T1', 'KEGG:04150'), ('RUNX1T1', 'KEGG:05214'), ('RUNX1T1', 'KEGG:04014'), ('RUNX1T1', 'KEGG:05161'), ('RUNX1T1', 'KEGG:01522'), ('RUNX1T1', 'KEGG:04722'), ('RUNX1T1', 'KEGG:05224'), ('RUNX1T1', 'KEGG:04926'), ('RUNX1T1', 'KEGG:04012'), ('RUNX1T1', 'KEGG:04068'), ('RUNX1T1', 'KEGG:04630'), ('RUNX1T1', 'KEGG:05225'), ('ENTPD1', 'KEGG:01521'), ('KCNJ2', 'KEGG:04520')]",0.6060606060606061,0.3269463061805153
hsa-miR-30b-5p,hsa-miR-30b-5p,MicroRNA,1.0,0,1,0.1487461382108572,0.2321899736147757,0.0351758793969849,0.0109890109890109,"[('TSPAN2', 'KEGG:05200'), ('TSPAN2', 'KEGG:04151'), ('TSPAN2', 'KEGG:04510'), ('TSPAN2', 'KEGG:05222'), ('FTO', 'KEGG:01522'), ('RAP2B', 'KEGG:04218'), ('KLF12', 'KEGG:04218'), ('TMTC3', 'KEGG:05202')]",0.21212121212121213,0.3247721943047864
hsa-miR-18a-5p,hsa-miR-18a-5p,MicroRNA,1.0,0,1,0.1746409159659617,0.2540904716073147,0.0226130653266331,0.0833333333333333,"[('ZBTB4', 'KEGG:05200'), ('ZBTB4', 'KEGG:05205'), ('ZBTB4', 'KEGG:01522'), ('ZBTB4', 'KEGG:05224'), ('CREBL2', 'KEGG:04010'), ('ATXN1', 'KEGG:04520'), ('NAV1', 'KEGG:05200'), ('NAV1', 'KEGG:01521'), ('NAV1', 'KEGG:04010'), ('NAV1', 'KEGG:04151'), ('NAV1', 'KEGG:04510'), ('NAV1', 'KEGG:05215'), ('NAV1', 'KEGG:05205'), ('NAV1', 'KEGG:04550'), ('NAV1', 'KEGG:04150'), ('NAV1', 'KEGG:05214'), ('NAV1', 'KEGG:04014'), ('NAV1', 'KEGG:05218'), ('NAV1', 'KEGG:01522'), ('NAV1', 'KEGG:04152'), ('NAV1', 'KEGG:04144'), ('NAV1', 'KEGG:05224'), ('NAV1', 'KEGG:04068'), ('NAV1', 'KEGG:05202'), ('NAV1', 'KEGG:04140'), ('NAV1', 'KEGG:05225'), ('NAV1', 'KEGG:04520')]",0.6363636363636364,0.34100751496248527
hsa-miR-381-3p,hsa-miR-381-3p,MicroRNA,1.0,3,0,,,,,"[('ESR1', 'KEGG:01521'), ('ESR1', 'KEGG:04012')]",0.06060606060606061,0.42000499766334765
hsa-miR-330-3p,hsa-miR-330-3p,MicroRNA,1.0,0,1,0.0502611037054471,0.2268041237113402,0.0276381909547738,0.0,"[('JCAD', 'KEGG:05200'), ('JCAD', 'KEGG:04151'), ('JCAD', 'KEGG:05222'), ('JCAD', 'KEGG:05214'), ('JCAD', 'KEGG:04218'), ('JCAD', 'KEGG:05218'), ('JCAD', 'KEGG:05224'), ('JCAD', 'KEGG:05225'), ('DKK3', 'KEGG:04550'), ('CYTH3', 'KEGG:04510'), ('ADAMTS2', 'KEGG:04151'), ('ADAMTS2', 'KEGG:04510')]",0.30303030303030304,0.33934012051728235
hsa-miR-33a-5p,hsa-miR-33a-5p,MicroRNA,1.0,0,1,0.1670835356545637,0.2458100558659217,0.0703517587939698,0.0026455026455026,"[('CALN1', 'KEGG:05200'), ('CALN1', 'KEGG:04010'), ('CALN1', 'KEGG:04218'), ('CALN1', 'KEGG:04380'), ('CALN1', 'KEGG:05161'), ('CALN1', 'KEGG:04144'), ('CALN1', 'KEGG:04926'), ('CALN1', 'KEGG:04068'), ('CALN1', 'KEGG:05202'), ('CALN1', 'KEGG:05225'), ('CALN1', 'KEGG:04520')]",0.3333333333333333,0.352930987956155
hsa-miR-29c-3p,hsa-miR-29c-3p,MicroRNA,1.0,0,1,0.0944306734776209,0.2346666666666666,0.0452261306532663,0.0130718954248366,"[('PPIC', 'KEGG:01521'), ('PPIC', 'KEGG:04151'), ('PPIC', 'KEGG:04150'), ('DIO2', 'KEGG:04151'), ('DIO2', 'KEGG:04630'), ('DAAM1', 'KEGG:04550'), ('DAAM1', 'KEGG:04630'), ('COL6A3', 'KEGG:04014'), ('COL6A3', 'KEGG:04713'), ('COL6A3', 'KEGG:04720'), ('KCTD20', 'KEGG:05200'), ('KCTD20', 'KEGG:05205'), ('KCTD20', 'KEGG:04725'), ('KCTD20', 'KEGG:05214'), ('KCTD20', 'KEGG:04310'), ('KCTD20', 'KEGG:04722'), ('KCTD20', 'KEGG:04713'), ('KCTD20', 'KEGG:04012'), ('KCTD20', 'KEGG:04720'), ('KIRREL1', 'KEGG:01521'), ('KIRREL1', 'KEGG:04010'), ('KIRREL1', 'KEGG:04014')]",0.48484848484848486,0.3242590350776344
hsa-miR-29b-3p,hsa-miR-29b-3p,MicroRNA,1.0,0,1,0.0370303692007113,0.1958456973293768,0.0251256281407035,0.0222222222222222,"[('TMTC3', 'KEGG:05202'), ('ABHD5', 'KEGG:04140'), ('SLC16A14', 'KEGG:05205'), ('MEST', 'KEGG:05200'), ('MEST', 'KEGG:04510'), ('MEST', 'KEGG:05222')]",0.18181818181818182,0.3335511848975723
hsa-miR-34a-5p,hsa-miR-34a-5p,MicroRNA,1.0,0,1,0.1138928518882778,0.22,0.050251256281407,0.0052631578947368,"[('WAC', 'KEGG:05200'), ('WAC', 'KEGG:04014'), ('WAC', 'KEGG:04218'), ('TMED8', 'KEGG:05200'), ('TMED8', 'KEGG:04010'), ('TMED8', 'KEGG:05222'), ('TMED8', 'KEGG:04380'), ('TMED8', 'KEGG:05161'), ('TMED8', 'KEGG:04722'), ('TMED8', 'KEGG:04144'), ('TMED8', 'KEGG:04140'), ('YTHDC1', 'KEGG:04010'), ('YTHDC1', 'KEGG:04150'), ('YTHDC1', 'KEGG:04722'), ('YTHDC1', 'KEGG:04720'), ('LIN54', 'KEGG:05200'), ('LIN54', 'KEGG:04010'), ('LIN54', 'KEGG:04014')]",0.36363636363636365,0.3345820147613659
hsa-miR-106b-5p,hsa-miR-106b-5p,MicroRNA,1.0,0,1,0.2346686411994966,0.2773109243697479,0.0603015075376884,0.0398550724637681,"[('DCUN1D3', 'KEGG:04310'), ('MMP2', 'KEGG:04722'), ('KIRREL1', 'KEGG:01521'), ('KIRREL1', 'KEGG:04010'), ('KIRREL1', 'KEGG:04014'), ('FNDC3B', 'KEGG:04310'), ('ATXN1', 'KEGG:04520')]",0.18181818181818182,0.300729679961323
hsa-miR-141-3p,hsa-miR-141-3p,MicroRNA,1.0,0,1,0.0478613798791041,0.2194513715710723,0.0276381909547738,0.0,"[('MOB3B', 'KEGG:05200'), ('MOB3B', 'KEGG:04151'), ('MOB3B', 'KEGG:04380'), ('MOB3B', 'KEGG:04630'), ('KCNJ2', 'KEGG:04520')]",0.15151515151515152,0.3352171798438518
hsa-miR-25-3p,hsa-miR-25-3p,MicroRNA,1.0,0,1,0.0916485647289863,0.2291666666666666,0.0376884422110552,0.0285714285714285,"[('FNDC3B', 'KEGG:04310'), ('PMEPA1', 'KEGG:05200'), ('PMEPA1', 'KEGG:01521'), ('PMEPA1', 'KEGG:04151'), ('PMEPA1', 'KEGG:04510'), ('PMEPA1', 'KEGG:05215'), ('PMEPA1', 'KEGG:05222'), ('PMEPA1', 'KEGG:04725'), ('PMEPA1', 'KEGG:05161'), ('PMEPA1', 'KEGG:01522'), ('PMEPA1', 'KEGG:04722'), ('PMEPA1', 'KEGG:04630'), ('PMEPA1', 'KEGG:04140')]",0.3939393939393939,0.3049189973352561
hsa-miR-29a-3p,hsa-miR-29a-3p,MicroRNA,1.0,0,1,0.0526090068425677,0.211031175059952,0.0326633165829145,0.0,"[('DAAM1', 'KEGG:04550'), ('DAAM1', 'KEGG:04630'), ('DCP2', 'KEGG:05200')]",0.09090909090909091,0.3949679718500814
hsa-miR-30a-5p,hsa-miR-30a-5p,MicroRNA,1.0,2,0,,,,,"[('GPR157', 'KEGG:04010')]",0.030303030303030304,0.3654197088147469
hsa-miR-96-5p,hsa-miR-96-5p,MicroRNA,1.0,0,1,0.0492935690779162,0.1942604856512141,0.0376884422110552,0.019047619047619,"[('ANTXR2', 'KEGG:04550'), ('BACH2', 'KEGG:05200'), ('BACH2', 'KEGG:04151'), ('BACH2', 'KEGG:04510'), ('BACH2', 'KEGG:05205'), ('BACH2', 'KEGG:05222'), ('LMOD1', 'KEGG:05200'), ('LMOD1', 'KEGG:04010'), ('LMOD1', 'KEGG:04151'), ('LMOD1', 'KEGG:05205'), ('LMOD1', 'KEGG:04014'), ('LMOD1', 'KEGG:05225')]",0.2727272727272727,0.31784078745665056
hsa-miR-155-5p,hsa-miR-155-5p,MicroRNA,1.0,0,1,0.0195928488708242,0.1848739495798319,0.0150753768844221,0.0,"[('AHCYL2', 'KEGG:05215'), ('AHCYL2', 'KEGG:05202'), ('VEZF1', 'KEGG:04713'), ('BCORL1', 'KEGG:04310')]",0.12121212121212122,0.35571336845707546
hsa-miR-106a-5p,hsa-miR-106a-5p,MicroRNA,1.0,0,1,0.0386700980881337,0.1974569932685116,0.0276381909547738,0.0181818181818181,"[('RND3', 'KEGG:04068'), ('JAK1', 'KEGG:05200'), ('JAK1', 'KEGG:04380'), ('JAK1', 'KEGG:05218'), ('JAK1', 'KEGG:05202'), ('TMEM167A', 'KEGG:04151'), ('TMEM167A', 'KEGG:05215'), ('TMEM167A', 'KEGG:04725'), ('TMEM167A', 'KEGG:04380'), ('TMEM167A', 'KEGG:05161'), ('TMEM167A', 'KEGG:04713'), ('TMEM167A', 'KEGG:04152'), ('TMEM167A', 'KEGG:04926')]",0.36363636363636365,0.2967319060860559
hsa-miR-144-3p,hsa-miR-144-3p,MicroRNA,1.0,15,0,,,,,[],0.0,0.0
hsa-miR-532-5p,hsa-miR-532-5p,MicroRNA,1.0,4,0,,,,,[],0.0,0.0
hsa-miR-221-3p,hsa-miR-221-3p,MicroRNA,1.0,0,1,0.0233609073852024,0.2012195121951219,0.0125628140703517,0.0,"[('MYEF2', 'KEGG:05200'), ('MYEF2', 'KEGG:04151'), ('MYEF2', 'KEGG:04510'), ('MYEF2', 'KEGG:05205'), ('MYEF2', 'KEGG:05222')]",0.15151515151515152,0.3259377197404827
hsa-miR-7-5p,hsa-miR-7-5p,MicroRNA,1.0,0,1,0.0300595015343162,0.1651031894934334,0.0201005025125628,0.0,"[('BMPR2', 'KEGG:04010'), ('BMPR2', 'KEGG:05161'), ('BMPR2', 'KEGG:04722'), ('SEMA6D', 'KEGG:04218')]",0.12121212121212122,0.3291533463690707
hsa-miR-181b-5p,hsa-miR-181b-5p,MicroRNA,1.0,0,1,0.0124243542640719,0.2018348623853211,0.0100502512562814,0.1666666666666666,"[('CBX7', 'KEGG:05200'), ('CBX7', 'KEGG:04010'), ('CBX7', 'KEGG:04151'), ('CBX7', 'KEGG:04014'), ('CBX7', 'KEGG:05224'), ('ZBTB4', 'KEGG:05200'), ('ZBTB4', 'KEGG:05205'), ('ZBTB4', 'KEGG:01522'), ('ZBTB4', 'KEGG:05224')]",0.21212121212121213,0.36131336419100757
hsa-miR-501-3p,hsa-miR-501-3p,MicroRNA,1.0,0,1,0.0050000789175769,0.1973094170403587,0.007537688442211,0.3333333333333333,"[('DOK6', 'KEGG:05200'), ('DOK6', 'KEGG:05202')]",0.06060606060606061,0.3120783238070573
hsa-miR-148a-3p,hsa-miR-148a-3p,MicroRNA,1.0,0,1,0.1132208654287016,0.2404371584699453,0.0452261306532663,0.0,"[('SPIN1', 'KEGG:04144')]",0.030303030303030304,0.3652037577238127
hsa-miR-148b-3p,hsa-miR-148b-3p,MicroRNA,1.0,0,1,0.0,0.1693393200769724,0.0025125628140703,,[],0.0,0.0
hsa-miR-146a-5p,hsa-miR-146a-5p,MicroRNA,1.0,0,1,0.0385637302597111,0.1534883720930232,0.0251256281407035,0.0,"[('CDS1', 'KEGG:04550'), ('PRELID2', 'KEGG:04310'), ('PRELID2', 'KEGG:05224'), ('PRELID2', 'KEGG:05225'), ('AFAP1L2', 'KEGG:04550')]",0.12121212121212122,0.32248607233595455
hsa-miR-205-5p,hsa-miR-205-5p,MicroRNA,1.0,1,0,,,,,"[('SATB2', 'KEGG:05200'), ('SATB2', 'KEGG:01521'), ('SATB2', 'KEGG:04010'), ('SATB2', 'KEGG:04151'), ('SATB2', 'KEGG:04510'), ('SATB2', 'KEGG:05215'), ('SATB2', 'KEGG:05214'), ('SATB2', 'KEGG:04014'), ('SATB2', 'KEGG:05218'), ('SATB2', 'KEGG:04144'), ('SATB2', 'KEGG:04630'), ('BMF', 'KEGG:05200'), ('BMF', 'KEGG:04151'), ('BMF', 'KEGG:04725'), ('BMF', 'KEGG:04014'), ('BMF', 'KEGG:04713'), ('BMF', 'KEGG:04926'), ('SRGAP1', 'KEGG:04380')]",0.45454545454545453,0.36292009523436464
hsa-miR-342-3p,hsa-miR-342-3p,MicroRNA,1.0,0,1,0.0172329915425492,0.1825726141078838,0.0125628140703517,0.0,"[('PDGFRA', 'KEGG:04310'), ('TBX18', 'KEGG:04310'), ('TBX15', 'KEGG:04520'), ('JCAD', 'KEGG:05200'), ('JCAD', 'KEGG:04151'), ('JCAD', 'KEGG:05222'), ('JCAD', 'KEGG:05214'), ('JCAD', 'KEGG:04218'), ('JCAD', 'KEGG:05218'), ('JCAD', 'KEGG:05224'), ('JCAD', 'KEGG:05225'), ('FLNC', 'KEGG:04152'), ('FLNC', 'KEGG:04140')]",0.36363636363636365,0.356648497886664
hsa-miR-362-5p,hsa-miR-362-5p,MicroRNA,1.0,0,1,0.0043222812663722,0.2241086587436332,0.0050251256281407,0.0,[],0.0,0.0
hsa-miR-24-3p,hsa-miR-24-3p,MicroRNA,1.0,0,1,0.0910399942649789,0.1896551724137931,0.0376884422110552,0.0,"[('GBA2', 'KEGG:04550'), ('CREBL2', 'KEGG:04010'), ('ACVR1B', 'KEGG:05200'), ('ACVR1B', 'KEGG:05202'), ('NEK4', 'KEGG:05200'), ('NEK4', 'KEGG:04151'), ('NEK4', 'KEGG:04510'), ('NEK4', 'KEGG:04310'), ('NEK4', 'KEGG:04218'), ('NEK4', 'KEGG:04068'), ('NEK4', 'KEGG:04630'), ('NEK4', 'KEGG:05202'), ('TMED8', 'KEGG:05200'), ('TMED8', 'KEGG:04010'), ('TMED8', 'KEGG:05222'), ('TMED8', 'KEGG:04380'), ('TMED8', 'KEGG:05161'), ('TMED8', 'KEGG:04722'), ('TMED8', 'KEGG:04144'), ('TMED8', 'KEGG:04140'), ('NEDD4L', 'KEGG:01521'), ('NEDD4L', 'KEGG:04010'), ('NEDD4L', 'KEGG:04151'), ('NEDD4L', 'KEGG:05205'), ('NEDD4L', 'KEGG:04012'), ('STRADB', 'KEGG:04140')]",0.5757575757575758,0.312514585222953
hsa-miR-15b-5p,hsa-miR-15b-5p,MicroRNA,1.0,0,1,0.113728998856375,0.2419798350137488,0.0477386934673366,0.0175438596491228,"[('FGF1', 'KEGG:04010'), ('FGF1', 'KEGG:04510'), ('FGF1', 'KEGG:05205'), ('RUNX1T1', 'KEGG:05200'), ('RUNX1T1', 'KEGG:01521'), ('RUNX1T1', 'KEGG:04010'), ('RUNX1T1', 'KEGG:04151'), ('RUNX1T1', 'KEGG:04510'), ('RUNX1T1', 'KEGG:05215'), ('RUNX1T1', 'KEGG:05205'), ('RUNX1T1', 'KEGG:04150'), ('RUNX1T1', 'KEGG:05214'), ('RUNX1T1', 'KEGG:04014'), ('RUNX1T1', 'KEGG:05161'), ('RUNX1T1', 'KEGG:01522'), ('RUNX1T1', 'KEGG:04722'), ('RUNX1T1', 'KEGG:05224'), ('RUNX1T1', 'KEGG:04926'), ('RUNX1T1', 'KEGG:04012'), ('RUNX1T1', 'KEGG:04068'), ('RUNX1T1', 'KEGG:04630'), ('RUNX1T1', 'KEGG:05225'), ('AKAP12', 'KEGG:04150'), ('DZIP1', 'KEGG:05200'), ('DZIP1', 'KEGG:01521'), ('DZIP1', 'KEGG:04151'), ('DZIP1', 'KEGG:04510'), ('DZIP1', 'KEGG:05215'), ('DZIP1', 'KEGG:04150'), ('DZIP1', 'KEGG:05222'), ('DZIP1', 'KEGG:05214'), ('DZIP1', 'KEGG:04218'), ('DZIP1', 'KEGG:05218'), ('DZIP1', 'KEGG:05224'), ('DZIP1', 'KEGG:04068'), ('DZIP1', 'KEGG:04140'), ('DZIP1', 'KEGG:05225'), ('BACH2', 'KEGG:05200'), ('BACH2', 'KEGG:04151'), ('BACH2', 'KEGG:04510'), ('BACH2', 'KEGG:05205'), ('BACH2', 'KEGG:05222')]",0.696969696969697,0.31687951117090624
hsa-miR-130b-3p,hsa-miR-130b-3p,MicroRNA,1.0,0,1,0.0870574470481133,0.2521489971346705,0.0276381909547738,0.0,"[('KIAA1217', 'KEGG:05200'), ('KIAA1217', 'KEGG:05205'), ('KIAA1217', 'KEGG:04550'), ('KIAA1217', 'KEGG:04218'), ('KIAA1217', 'KEGG:04144'), ('KIAA1217', 'KEGG:04926'), ('KIAA1217', 'KEGG:05225')]",0.21212121212121213,0.31638961451521613
hsa-miR-200b-3p,hsa-miR-200b-3p,MicroRNA,1.0,0,1,0.0123346106505726,0.2013729977116704,0.0125628140703517,0.0,"[('GRAP2', 'KEGG:04310')]",0.030303030303030304,0.2878092655150942
hsa-miR-9-5p,hsa-miR-9-5p,MicroRNA,1.0,16,0,,,,,[],0.0,0.0
hsa-miR-32-5p,hsa-miR-32-5p,MicroRNA,1.0,0,1,0.0371919599881231,0.2201834862385321,0.0201005025125628,0.0357142857142857,"[('DKK3', 'KEGG:04550')]",0.030303030303030304,0.2930049375012135
hsa-miR-760,hsa-miR-760,MicroRNA,1.0,17,0,,,,,[],0.0,0.0
hsa-miR-22-3p,hsa-miR-22-3p,MicroRNA,1.0,0,1,0.0257933537908839,0.1434003259098316,0.0175879396984924,0.0,[],0.0,0.0
hsa-miR-33b-5p,hsa-miR-33b-5p,MicroRNA,1.0,0,1,0.0086352069455879,0.1724363161332462,0.007537688442211,0.0,"[('RIC1', 'KEGG:04144')]",0.030303030303030304,0.285298335605713
hsa-miR-590-5p,hsa-miR-590-5p,MicroRNA,1.0,0,1,0.0090255629946954,0.2070588235294117,0.007537688442211,0.6666666666666666,"[('KLF12', 'KEGG:04218'), ('FTO', 'KEGG:01522')]",0.06060606060606061,0.313904009251045
hsa-miR-182-5p,hsa-miR-182-5p,MicroRNA,1.0,0,1,0.0151046858624548,0.1815680880330124,0.0150753768844221,0.0666666666666666,"[('UBASH3B', 'KEGG:04550')]",0.030303030303030304,0.3119936468489841
hsa-miR-26a-5p,hsa-miR-26a-5p,MicroRNA,1.0,0,1,0.0129294214504902,0.1767068273092369,0.007537688442211,0.0,"[('NAV1', 'KEGG:05200'), ('NAV1', 'KEGG:01521'), ('NAV1', 'KEGG:04010'), ('NAV1', 'KEGG:04151'), ('NAV1', 'KEGG:04510'), ('NAV1', 'KEGG:05215'), ('NAV1', 'KEGG:05205'), ('NAV1', 'KEGG:04550'), ('NAV1', 'KEGG:04150'), ('NAV1', 'KEGG:05214'), ('NAV1', 'KEGG:04014'), ('NAV1', 'KEGG:05218'), ('NAV1', 'KEGG:01522'), ('NAV1', 'KEGG:04152'), ('NAV1', 'KEGG:04144'), ('NAV1', 'KEGG:05224'), ('NAV1', 'KEGG:04068'), ('NAV1', 'KEGG:05202'), ('NAV1', 'KEGG:04140'), ('NAV1', 'KEGG:05225'), ('NAV1', 'KEGG:04520'), ('ELAVL2', 'KEGG:05200'), ('ELAVL2', 'KEGG:04010'), ('ELAVL2', 'KEGG:04151'), ('ELAVL2', 'KEGG:04725'), ('ELAVL2', 'KEGG:04014'), ('ELAVL2', 'KEGG:04713'), ('ELAVL2', 'KEGG:04926'), ('MTPN', 'KEGG:04725')]",0.7272727272727273,0.34171507705139076
hsa-miR-379-5p,hsa-miR-379-5p,MicroRNA,1.0,18,0,,,,,[],0.0,0.0
hsa-miR-16-5p,hsa-miR-16-5p,MicroRNA,1.0,0,1,0.0399972580584188,0.1942604856512141,0.0301507537688442,0.0151515151515151,"[('PPP6R3', 'KEGG:04010'), ('PPP6R3', 'KEGG:04014'), ('CCNJL', 'KEGG:04144')]",0.09090909090909091,0.31206790813043794
hsa-miR-140-5p,hsa-miR-140-5p,MicroRNA,1.0,19,0,,,,,[],0.0,0.0
hsa-miR-98-5p,hsa-miR-98-5p,MicroRNA,1.0,0,1,0.0673040940049397,0.1685823754789272,0.0125628140703517,0.0,[],0.0,0.0
hsa-let-7d-5p,hsa-let-7d-5p,MicroRNA,1.0,0,1,0.0420898481645029,0.2160392798690671,0.0100502512562814,0.0,"[('PDE12', 'KEGG:05161')]",0.030303030303030304,0.2868951980545038
hsa-miR-421,hsa-miR-421,MicroRNA,1.0,0,1,0.0,0.1693393200769724,0.0025125628140703,,[],0.0,0.0
hsa-miR-378a-3p,hsa-miR-378a-3p,MicroRNA,1.0,0,1,0.0172049247810792,0.1794697484704283,0.0125628140703517,0.1,"[('ABI2', 'KEGG:05200'), ('ABI2', 'KEGG:05215'), ('ABI2', 'KEGG:04218'), ('ABI2', 'KEGG:04152'), ('ABI2', 'KEGG:04068'), ('ABI2', 'KEGG:05202'), ('CAMKK2', 'KEGG:04144')]",0.21212121212121213,0.34592909791458004
hsa-miR-532-3p,hsa-miR-532-3p,MicroRNA,1.0,20,0,,,,,[],0.0,0.0
hsa-let-7i-5p,hsa-let-7i-5p,MicroRNA,1.0,0,1,0.0117652871775386,0.1795918367346938,0.007537688442211,0.0,"[('MSI2', 'KEGG:04010'), ('MSI2', 'KEGG:04725'), ('MSI2', 'KEGG:04713'), ('MSI2', 'KEGG:04720')]",0.12121212121212122,0.3370791240031621
hsa-miR-142-5p,hsa-miR-142-5p,MicroRNA,1.0,5,0,,,,,[],0.0,0.0
hsa-miR-128-3p,hsa-miR-128-3p,MicroRNA,1.0,0,1,0.0322951002930957,0.2305676855895196,0.0150753768844221,0.2,"[('HIPK2', 'KEGG:05200'), ('HIPK2', 'KEGG:04310'), ('KIRREL1', 'KEGG:01521'), ('KIRREL1', 'KEGG:04010'), ('KIRREL1', 'KEGG:04014')]",0.15151515151515152,0.30263371944826745
hsa-miR-17-5p,hsa-miR-17-5p,MicroRNA,1.0,21,0,,,,,[],0.0,0.0
hsa-let-7b-5p,hsa-let-7b-5p,MicroRNA,0.0,6,0,,,,,"[('SENP5', 'KEGG:04068')]",0.030303030303030304,0.2874146662847583
hsa-miR-185-5p,hsa-miR-185-5p,MicroRNA,1.0,22,0,,,,,"[('NFIX', 'KEGG:05200'), ('NFIX', 'KEGG:01521'), ('NFIX', 'KEGG:04010'), ('NFIX', 'KEGG:04151'), ('NFIX', 'KEGG:04510'), ('NFIX', 'KEGG:05215'), ('NFIX', 'KEGG:05205'), ('NFIX', 'KEGG:04550'), ('NFIX', 'KEGG:04150'), ('NFIX', 'KEGG:05222'), ('NFIX', 'KEGG:04725'), ('NFIX', 'KEGG:05214'), ('NFIX', 'KEGG:04014'), ('NFIX', 'KEGG:04218'), ('NFIX', 'KEGG:04380'), ('NFIX', 'KEGG:05218'), ('NFIX', 'KEGG:05161'), ('NFIX', 'KEGG:01522'), ('NFIX', 'KEGG:04722'), ('NFIX', 'KEGG:04152'), ('NFIX', 'KEGG:05224'), ('NFIX', 'KEGG:04926'), ('NFIX', 'KEGG:04012'), ('NFIX', 'KEGG:04068'), ('NFIX', 'KEGG:04630'), ('NFIX', 'KEGG:04140'), ('NFIX', 'KEGG:05225')]",0.8181818181818182,0.33849971236786136
hsa-miR-1271-5p,hsa-miR-1271-5p,MicroRNA,1.0,0,1,0.0221165133166427,0.1846153846153846,0.0050251256281407,0.0,[],0.0,0.0
hsa-miR-27a-3p,hsa-miR-27a-3p,MicroRNA,1.0,0,1,0.045395213275268,0.1970149253731343,0.0226130653266331,0.0833333333333333,"[('BBX', 'KEGG:05200'), ('BBX', 'KEGG:04010'), ('BBX', 'KEGG:04151'), ('BBX', 'KEGG:04014'), ('BBX', 'KEGG:05218'), ('BBX', 'KEGG:05224'), ('AFF3', 'KEGG:05202')]",0.21212121212121213,0.33016669206299964
hsa-miR-363-3p,hsa-miR-363-3p,MicroRNA,1.0,23,0,,,,,[],0.0,0.0
hsa-miR-23b-3p,hsa-miR-23b-3p,MicroRNA,1.0,0,1,0.0172329915425492,0.1742574257425742,0.0125628140703517,0.0,"[('FBXO28', 'KEGG:04150')]",0.030303030303030304,0.3110660773065726
hsa-miR-222-3p,hsa-miR-222-3p,MicroRNA,1.0,0,1,0.0390601163754547,0.192,0.0125628140703517,0.0,[],0.0,0.0
hsa-miR-502-3p,hsa-miR-502-3p,MicroRNA,1.0,0,1,0.0262116196452434,0.2391304347826087,0.0150753768844221,0.2666666666666666,"[('CSNK1A1', 'KEGG:04150'), ('CSNK1A1', 'KEGG:04140'), ('ATXN1', 'KEGG:04520')]",0.09090909090909091,0.30930772398872425
hsa-miR-374c-5p,hsa-miR-374c-5p,MicroRNA,1.0,0,1,0.0043222812663722,0.2064112587959343,0.0050251256281407,0.0,"[('ATXN1', 'KEGG:04520')]",0.030303030303030304,0.28278061101540874
hsa-miR-212-3p,hsa-miR-212-3p,MicroRNA,1.0,0,1,0.0,0.1447368421052631,0.0025125628140703,,"[('FRK', 'KEGG:04144')]",0.030303030303030304,0.32339739408866247
hsa-miR-193a-3p,hsa-miR-193a-3p,MicroRNA,1.0,0,1,0.0043222812663722,0.1696658097686375,0.0050251256281407,0.0,[],0.0,0.0
hsa-miR-301a-3p,hsa-miR-301a-3p,MicroRNA,1.0,7,0,,,,,"[('PTPN14', 'KEGG:04152'), ('PTPN14', 'KEGG:04144')]",0.06060606060606061,0.29851317607968947
hsa-miR-195-5p,hsa-miR-195-5p,MicroRNA,1.0,24,0,,,,,[],0.0,0.0
hsa-miR-135b-5p,hsa-miR-135b-5p,MicroRNA,1.0,25,0,,,,,[],0.0,0.0
hsa-miR-150-5p,hsa-miR-150-5p,MicroRNA,1.0,0,1,0.0,0.1367875647668393,0.0025125628140703,,"[('ABI2', 'KEGG:05200'), ('ABI2', 'KEGG:05215'), ('ABI2', 'KEGG:04218'), ('ABI2', 'KEGG:04152'), ('ABI2', 'KEGG:04068'), ('ABI2', 'KEGG:05202')]",0.18181818181818182,0.31915043900150697
hsa-miR-30c-5p,hsa-miR-30c-5p,MicroRNA,1.0,0,1,0.0215178504602948,0.2001516300227445,0.0150753768844221,0.0,"[('KCNN3', 'KEGG:05215'), ('KCNN3', 'KEGG:05202'), ('INTS2', 'KEGG:05200'), ('INTS2', 'KEGG:04550'), ('INTS2', 'KEGG:04630')]",0.15151515151515152,0.306419989515015
hsa-miR-378c,hsa-miR-378c,MicroRNA,1.0,0,1,0.0085884290098046,0.1792260692464358,0.007537688442211,0.3333333333333333,"[('ABI2', 'KEGG:05200'), ('ABI2', 'KEGG:05215'), ('ABI2', 'KEGG:04218'), ('ABI2', 'KEGG:04152'), ('ABI2', 'KEGG:04068'), ('ABI2', 'KEGG:05202')]",0.18181818181818182,0.2993412095328653
hsa-miR-320b,hsa-miR-320b,MicroRNA,1.0,26,0,,,,,[],0.0,0.0
hsa-miR-452-5p,hsa-miR-452-5p,MicroRNA,1.0,27,0,,,,,[],0.0,0.0
hsa-miR-454-3p,hsa-miR-454-3p,MicroRNA,1.0,8,0,,,,,[],0.0,0.0
hsa-miR-223-3p,hsa-miR-223-3p,MicroRNA,1.0,0,1,0.0057089428242063,0.1507709880068532,0.007537688442211,0.0,"[('MSI2', 'KEGG:04010'), ('MSI2', 'KEGG:04725'), ('MSI2', 'KEGG:04713'), ('MSI2', 'KEGG:04720')]",0.12121212121212122,0.2902324304917387
hsa-miR-339-5p,hsa-miR-339-5p,MicroRNA,1.0,9,0,,,,,[],0.0,0.0
hsa-miR-423-5p,hsa-miR-423-5p,MicroRNA,1.0,28,0,,,,,[],0.0,0.0
hsa-miR-429,hsa-miR-429,MicroRNA,1.0,0,1,0.0043222812663722,0.1995464852607709,0.0050251256281407,0.0,[],0.0,0.0
hsa-miR-196a-5p,hsa-miR-196a-5p,MicroRNA,1.0,29,0,,,,,[],0.0,0.0
hsa-miR-19b-3p,hsa-miR-19b-3p,MicroRNA,1.0,10,0,,,,,"[('BCL3', 'KEGG:04152')]",0.030303030303030304,0.3019976956015032
hsa-miR-125b-5p,hsa-miR-125b-5p,MicroRNA,1.0,0,1,0.0043222812663722,0.159132007233273,0.0050251256281407,0.0,"[('CCDC85C', 'KEGG:05200'), ('CCDC85C', 'KEGG:01521'), ('CCDC85C', 'KEGG:04151'), ('CCDC85C', 'KEGG:04550'), ('CCDC85C', 'KEGG:04380'), ('CCDC85C', 'KEGG:05161'), ('CCDC85C', 'KEGG:04630')]",0.21212121212121213,0.3095815351128587
hsa-miR-92b-3p,hsa-miR-92b-3p,MicroRNA,1.0,30,0,,,,,[],0.0,0.0
hsa-miR-134-5p,hsa-miR-134-5p,MicroRNA,1.0,11,0,,,,,[],0.0,0.0
hsa-miR-340-5p,hsa-miR-340-5p,MicroRNA,1.0,31,0,,,,,[],0.0,0.0
hsa-miR-23a-3p,hsa-miR-23a-3p,MicroRNA,1.0,0,1,0.0043222812663722,0.1467481934408004,0.0050251256281407,0.0,[],0.0,0.0
hsa-miR-449a,hsa-miR-449a,MicroRNA,1.0,12,0,,,,,[],0.0,0.0
hsa-miR-338-3p,hsa-miR-338-3p,MicroRNA,1.0,32,0,,,,,[],0.0,0.0
hsa-miR-199a-5p,hsa-miR-199a-5p,MicroRNA,1.0,33,0,,,,,"[('ZC2HC1C', 'KEGG:04510'), ('ZC2HC1C', 'KEGG:04725'), ('ZC2HC1C', 'KEGG:04380'), ('ZC2HC1C', 'KEGG:04520')]",0.12121212121212122,0.2968981733308551
hsa-miR-15a-5p,hsa-miR-15a-5p,MicroRNA,1.0,13,0,,,,,[],0.0,0.0
hsa-miR-299-5p,hsa-miR-299-5p,MicroRNA,1.0,3,0,,,,,"[('ESR1', 'KEGG:01521'), ('ESR1', 'KEGG:04012')]",0.06060606060606061,0.294675279811358
hsa-miR-107,hsa-miR-107,MicroRNA,1.0,0,1,0.0,0.1844863731656184,0.0025125628140703,,[],0.0,0.0
hsa-miR-186-5p,hsa-miR-186-5p,MicroRNA,1.0,14,0,,,,,"[('RILPL1', 'KEGG:04144'), ('CEP41', 'KEGG:04010'), ('CEP41', 'KEGG:04310'), ('CEP41', 'KEGG:04380'), ('CEP41', 'KEGG:05161'), ('CEP41', 'KEGG:04152'), ('CEP41', 'KEGG:04140'), ('CEP41', 'KEGG:04520')]",0.24242424242424243,0.2899016200267441
hsa-miR-26b-5p,hsa-miR-26b-5p,MicroRNA,1.0,0,1,0.0,0.1350383631713555,0.0025125628140703,,"[('MTPN', 'KEGG:04725')]",0.030303030303030304,0.29756615906391376
hsa-miR-143-3p,hsa-miR-143-3p,MicroRNA,1.0,34,0,,,,,"[('CYB561D1', 'KEGG:04010'), ('CYB561D1', 'KEGG:04150'), ('CYB561D1', 'KEGG:04722'), ('CYB561D1', 'KEGG:04720')]",0.12121212121212122,0.29343348529858315
hsa-miR-708-5p,hsa-miR-708-5p,MicroRNA,1.0,35,0,,,,,[],0.0,0.0
hsa-miR-20b-5p,hsa-miR-20b-5p,MicroRNA,1.0,36,0,,,,,[],0.0,0.0
hsa-miR-200a-3p,hsa-miR-200a-3p,MicroRNA,1.0,0,1,0.0,0.1586538461538461,0.0025125628140703,,[],0.0,0.0
hsa-miR-374b-5p,hsa-miR-374b-5p,MicroRNA,1.0,0,1,0.0,0.1719869706840391,0.0025125628140703,,[],0.0,0.0
hsa-let-7f-5p,hsa-let-7f-5p,MicroRNA,1.0,0,1,0.0,0.1070559610705596,0.0025125628140703,,[],0.0,0.0
hsa-miR-30e-5p,hsa-miR-30e-5p,MicroRNA,1.0,13,0,,,,,[],0.0,0.0
hsa-miR-146b-5p,hsa-miR-146b-5p,MicroRNA,1.0,37,0,,,,,[],0.0,0.0
ZMAT3,ZMAT3,Messenger RNA,0.0,0,1,0.0380209936326719,0.3710094909404659,0.0454545454545454,0.6666666666666666,,,
KLHL13,KLHL13,Messenger RNA,0.0,0,1,0.0,0.1923076923076923,0.0151515151515151,,,,
FST,FST,Messenger RNA,0.0,0,1,0.0,0.2535377358490566,0.0151515151515151,,,,
FAM126A,FAM126A,Messenger RNA,0.0,0,1,0.0,0.3448275862068966,0.0151515151515151,,,,
FRK,FRK,Messenger RNA,0.0,0,1,0.0043766578249336,0.2699309478970496,0.0303030303030303,0.0,,,
NEDD4,NEDD4,Messenger RNA,0.0,0,1,0.0,0.3325599381283836,0.0151515151515151,,,,
RORA,RORA,Messenger RNA,0.0,0,1,0.0705191261638636,0.3839285714285714,0.0454545454545454,0.3333333333333333,,,
FSTL1,FSTL1,Messenger RNA,0.0,0,1,0.0,0.3448275862068966,0.0151515151515151,,,,
SLC41A2,SLC41A2,Messenger RNA,0.0,0,1,0.0,0.3143274853801169,0.0151515151515151,,,,
ZBTB4,ZBTB4,Messenger RNA,0.0,0,1,0.0047642681913457,0.3451043338683788,0.0303030303030303,1.0,,,
ESR1,ESR1,Messenger RNA,0.0,3,0,,,,,,,
NRG1,NRG1,Messenger RNA,0.0,0,1,0.0351583734714772,0.370051635111876,0.0303030303030303,0.0,,,
SH3PXD2A,SH3PXD2A,Messenger RNA,0.0,0,1,0.067696018061414,0.387736699729486,0.0757575757575757,0.2,,,
NREP,NREP,Messenger RNA,0.0,0,1,0.0271981902441142,0.3571428571428571,0.0454545454545454,0.6666666666666666,,,
FKBP14,FKBP14,Messenger RNA,0.0,0,1,0.0088431064008905,0.3284950343773873,0.0303030303030303,1.0,,,
TMTC3,TMTC3,Messenger RNA,0.0,0,1,0.0146340739098944,0.3242835595776772,0.0303030303030303,0.0,,,
MAF,MAF,Messenger RNA,0.0,0,1,0.0173412708331567,0.346494762288477,0.0303030303030303,0.0,,,
CREBRF,CREBRF,Messenger RNA,0.0,0,1,0.0206528850462209,0.3574397339983375,0.0303030303030303,1.0,,,
KCNJ15,KCNJ15,Messenger RNA,0.0,0,1,0.0302387267904509,0.3467741935483871,0.0303030303030303,0.0,,,
FNDC3A,FNDC3A,Messenger RNA,0.0,0,1,0.0230938492296832,0.3916211293260473,0.0303030303030303,1.0,,,
PPIC,PPIC,Messenger RNA,0.0,0,1,0.0,0.3171091445427728,0.0151515151515151,,,,
EIF4E2,EIF4E2,Messenger RNA,0.0,0,1,0.0,0.3171091445427728,0.0151515151515151,,,,
NRP1,NRP1,Messenger RNA,0.0,0,1,0.0,0.299860529986053,0.0151515151515151,,,,
PTPRD,PTPRD,Messenger RNA,3.0,0,1,0.0,0.3109182935647144,0.0151515151515151,,,,
CREBL2,CREBL2,Messenger RNA,0.0,0,1,0.06872750528384,0.3507340946166394,0.0303030303030303,0.0,,,
MAP4K4,MAP4K4,Messenger RNA,0.0,0,1,0.1274825852251858,0.3934126258005489,0.0757575757575757,0.0,,,
FNDC3B,FNDC3B,Messenger RNA,0.0,0,1,0.0098645797377895,0.370051635111876,0.0303030303030303,1.0,,,
DAAM1,DAAM1,Messenger RNA,1.0,0,1,0.023989076379534,0.3448275862068966,0.0303030303030303,0.0,,,
LIFR,LIFR,Messenger RNA,0.0,0,1,0.0,0.3325599381283836,0.0151515151515151,,,,
ONECUT2,ONECUT2,Messenger RNA,0.0,2,0,,,,,,,
CELF2,CELF2,Messenger RNA,0.0,0,1,0.0212360656114505,0.349025974025974,0.0303030303030303,0.0,,,
FOXN3,FOXN3,Messenger RNA,0.0,0,1,0.0071233699873145,0.3084648493543759,0.0303030303030303,0.0,,,
AHCYL2,AHCYL2,Messenger RNA,0.0,0,1,0.0,0.2591922845087402,0.0151515151515151,,,,
ZEB1,ZEB1,Messenger RNA,0.0,0,1,0.0,0.3448275862068966,0.0151515151515151,,,,
CROT,CROT,Messenger RNA,0.0,0,1,0.0130731337627889,0.3302611367127496,0.0303030303030303,0.0,,,
ATXN1,ATXN1,Messenger RNA,0.0,0,1,0.0626687901079392,0.4099142040038132,0.0757575757575757,0.3,,,
HEG1,HEG1,Messenger RNA,0.0,0,1,0.0468771779311376,0.3853046594982078,0.0606060606060606,0.6666666666666666,,,
LOX,LOX,Messenger RNA,0.0,0,1,0.0305661811672755,0.3703703703703703,0.0303030303030303,0.0,,,
DZIP1,DZIP1,Messenger RNA,0.0,0,1,0.0107186267188365,0.3675213675213675,0.0303030303030303,1.0,,,
PTEN,PTEN,Messenger RNA,0.0,0,1,0.0,0.274234693877551,0.0151515151515151,,,,
WAC,WAC,Messenger RNA,0.0,0,1,0.0,0.3004891684136967,0.0151515151515151,,,,
ETS1,ETS1,Messenger RNA,0.0,0,1,0.0075045590946929,0.3377847604084839,0.0303030303030303,0.0,,,
COL11A1,COL11A1,Messenger RNA,0.0,15,0,,,,,,,
TTC14,TTC14,Messenger RNA,4.0,4,0,,,,,,,
KLF12,KLF12,Messenger RNA,0.0,0,1,0.085417852990404,0.3788546255506608,0.0606060606060606,0.3333333333333333,,,
HIPK1,HIPK1,Messenger RNA,0.0,0,1,0.017757428851014,0.3404592240696754,0.0303030303030303,0.0,,,
SGCE,SGCE,Messenger RNA,0.0,0,1,0.0,0.3448275862068966,0.0151515151515151,,,,
DCP2,DCP2,Messenger RNA,0.0,0,1,0.0,0.2901484480431849,0.0151515151515151,,,,
GLI3,GLI3,Messenger RNA,0.0,0,1,0.0,0.2349726775956284,0.0151515151515151,,,,
CBX7,CBX7,Messenger RNA,0.0,0,1,0.0,0.2794022092267706,0.0151515151515151,,,,
KIT,KIT,Messenger RNA,0.0,0,1,0.0087343690791966,0.3242835595776772,0.0303030303030303,0.0,,,
BNC2,BNC2,Messenger RNA,0.0,0,1,0.0,0.3448275862068966,0.0151515151515151,,,,
DOCK6,DOCK6,Messenger RNA,0.0,0,1,0.0,0.3235515425131678,0.0151515151515151,,,,
TNS1,TNS1,Messenger RNA,0.0,0,1,0.0,0.3634826711749788,0.0151515151515151,,,,
PLSCR4,PLSCR4,Messenger RNA,0.0,0,1,0.0160712185271677,0.3665814151747655,0.0303030303030303,1.0,,,
MEIS2,MEIS2,Messenger RNA,0.0,0,1,0.0043766578249336,0.3000697836706211,0.0303030303030303,0.0,,,
GJC1,GJC1,Messenger RNA,0.0,0,1,0.0,0.3082437275985663,0.0151515151515151,,,,
PEAK1,PEAK1,Messenger RNA,0.0,0,1,0.0895027565180915,0.4045155221072437,0.0454545454545454,0.0,,,
UHRF1BP1,UHRF1BP1,Messenger RNA,4.0,0,1,0.0,0.3325599381283836,0.0151515151515151,,,,
ADAM22,ADAM22,Messenger RNA,0.0,0,1,0.0043766578249336,0.3237951807228915,0.0303030303030303,0.0,,,
ERBB4,ERBB4,Messenger RNA,0.0,0,1,0.0455192434165668,0.2870493991989319,0.0454545454545454,0.0,,,
SATB2,SATB2,Messenger RNA,0.0,1,0,,,,,,,
ELMO1,ELMO1,Messenger RNA,0.0,0,1,0.0010726843184826,0.2712933753943217,0.0303030303030303,1.0,,,
PDGFRA,PDGFRA,Messenger RNA,0.0,0,1,0.0,0.2564102564102564,0.0151515151515151,,,,
CLIP2,CLIP2,Messenger RNA,0.0,0,1,0.0,0.3448275862068966,0.0151515151515151,,,,
SOX17,SOX17,Messenger RNA,0.0,0,1,0.0,0.299860529986053,0.0151515151515151,,,,
ATXN1L,ATXN1L,Messenger RNA,0.0,0,1,0.0,0.3051809794180269,0.0151515151515151,,,,
STRN,STRN,Messenger RNA,0.0,0,1,0.0,0.3295019157088122,0.0151515151515151,,,,
EIF5,EIF5,Messenger RNA,0.0,0,1,0.0,0.2649414664202095,0.0151515151515151,,,,
KPNA3,KPNA3,Messenger RNA,0.0,0,1,0.0,0.2535377358490566,0.0151515151515151,,,,
ARHGAP31,ARHGAP31,Messenger RNA,0.0,0,1,0.0,0.3634826711749788,0.0151515151515151,,,,
SPIN1,SPIN1,Messenger RNA,0.0,0,1,0.0,0.3235515425131678,0.0151515151515151,,,,
TBX18,TBX18,Messenger RNA,0.0,0,1,0.0,0.2564102564102564,0.0151515151515151,,,,
VTA1,VTA1,Messenger RNA,0.0,0,1,0.0,0.3171091445427728,0.0151515151515151,,,,
CCN4,CCN4,Messenger RNA,0.0,0,1,0.0,0.3252647503782148,0.0151515151515151,,,,
TBX15,TBX15,Messenger RNA,0.0,0,1,0.0,0.2564102564102564,0.0151515151515151,,,,
ITM2B,ITM2B,Messenger RNA,0.0,0,1,0.0,0.3109182935647144,0.0151515151515151,,,,
PTPRM,PTPRM,Messenger RNA,0.0,0,1,0.0,0.3364632237871675,0.0151515151515151,,,,
RSBN1L,RSBN1L,Messenger RNA,0.0,0,1,0.006564715799299,0.2679127725856697,0.0303030303030303,0.0,,,
CALU,CALU,Messenger RNA,0.0,0,1,0.0481563541420795,0.3583333333333333,0.0606060606060606,0.0,,,
NR5A2,NR5A2,Messenger RNA,0.0,0,1,0.0090148583909488,0.3536184210526316,0.0303030303030303,0.0,,,
TCF12,TCF12,Messenger RNA,0.0,0,1,0.0,0.2349726775956284,0.0151515151515151,,,,
CLMN,CLMN,Messenger RNA,0.0,16,0,,,,,,,
JCAD,JCAD,Messenger RNA,0.0,0,1,0.0313319935486492,0.3527481542247744,0.0454545454545454,0.0,,,
PDZD2,PDZD2,Messenger RNA,0.0,0,1,0.0,0.3006993006993007,0.0151515151515151,,,,
CDK6,CDK6,Messenger RNA,0.0,17,0,,,,,,,
BAG1,BAG1,Messenger RNA,0.0,0,1,0.0,0.2203997949769349,0.0151515151515151,,,,
HAS2,HAS2,Messenger RNA,0.0,0,1,0.0,0.3448275862068966,0.0151515151515151,,,,
CPEB4,CPEB4,Messenger RNA,0.0,0,1,0.0458547110703797,0.3401898734177215,0.0757575757575757,0.0,,,
MSL2,MSL2,Messenger RNA,0.0,0,1,0.0,0.2075289575289575,0.0151515151515151,,,,
DEUP1,DEUP1,Messenger RNA,0.0,0,1,0.0,0.2697616060225847,0.0151515151515151,,,,
MEF2D,MEF2D,Messenger RNA,0.0,0,1,0.0587109651397459,0.3453815261044177,0.0606060606060606,0.1666666666666666,,,
GPR137C,GPR137C,Messenger RNA,0.0,0,1,0.0,0.3235515425131678,0.0151515151515151,,,,
SECISBP2L,SECISBP2L,Messenger RNA,0.0,1,0,,,,,,,
GPR157,GPR157,Messenger RNA,0.0,2,0,,,,,,,
MACIR,MACIR,Messenger RNA,0.0,0,1,0.0,0.3235515425131678,0.0151515151515151,,,,
IL1RAP,IL1RAP,Messenger RNA,0.0,0,1,0.0,0.274234693877551,0.0151515151515151,,,,
KLF6,KLF6,Messenger RNA,0.0,0,1,0.0501146011471471,0.3785211267605634,0.0454545454545454,0.3333333333333333,,,
JAKMIP2,JAKMIP2,Messenger RNA,0.0,0,1,0.0,0.3448275862068966,0.0151515151515151,,,,
C17orf58,C17orf58,Messenger RNA,0.0,0,1,0.0,0.2075289575289575,0.0151515151515151,,,,
CALN1,CALN1,Messenger RNA,0.0,0,1,0.0,0.3295019157088122,0.0151515151515151,,,,
NAV1,NAV1,Messenger RNA,0.0,0,1,0.0173929518757104,0.3396524486571879,0.0303030303030303,0.0,,,
TGFBR2,TGFBR2,Messenger RNA,0.0,0,1,0.0,0.3634826711749788,0.0151515151515151,,,,
IGF1R,IGF1R,Messenger RNA,0.0,18,0,,,,,,,
CALM1,CALM1,Messenger RNA,0.0,1,0,,,,,,,
C18orf25,C18orf25,Messenger RNA,0.0,0,1,0.0449294996668121,0.3470540758676352,0.0454545454545454,0.0,,,
ADAM10,ADAM10,Messenger RNA,0.0,0,1,0.0,0.3143274853801169,0.0151515151515151,,,,
MTDH,MTDH,Messenger RNA,0.0,0,1,0.0010726843184826,0.2712933753943217,0.0303030303030303,1.0,,,
SGMS2,SGMS2,Messenger RNA,0.0,0,1,0.0,0.270440251572327,0.0151515151515151,,,,
RALGPS2,RALGPS2,Messenger RNA,0.0,0,1,0.0,0.3364632237871675,0.0151515151515151,,,,
GALNT1,GALNT1,Messenger RNA,0.0,0,1,0.0,0.270440251572327,0.0151515151515151,,,,
CSRNP3,CSRNP3,Messenger RNA,0.0,0,1,0.0185777354344779,0.3524590163934426,0.0303030303030303,0.0,,,
SYNPO2,SYNPO2,Messenger RNA,0.0,0,1,0.0,0.299860529986053,0.0151515151515151,,,,
TNPO1,TNPO1,Messenger RNA,0.0,0,1,0.0,0.3325599381283836,0.0151515151515151,,,,
ZBTB20,ZBTB20,Messenger RNA,0.0,0,1,0.1660589682902576,0.4535864978902953,0.106060606060606,0.3333333333333333,,,
ZNF827,ZNF827,Messenger RNA,0.0,19,0,,,,,,,
PTAR1,PTAR1,Messenger RNA,0.0,0,1,0.0,0.2392877017250974,0.0151515151515151,,,,
NRP2,NRP2,Messenger RNA,0.0,0,1,0.0,0.3252647503782148,0.0151515151515151,,,,
NFAT5,NFAT5,Messenger RNA,0.0,0,1,0.0297766453124561,0.3694158075601375,0.0303030303030303,0.0,,,
CDH11,CDH11,Messenger RNA,0.0,0,1,0.0,0.3448275862068966,0.0151515151515151,,,,
IPO5,IPO5,Messenger RNA,0.0,0,1,0.0,0.3006993006993007,0.0151515151515151,,,,
MGAT5,MGAT5,Messenger RNA,0.0,0,1,0.0043766578249336,0.3237951807228915,0.0303030303030303,0.0,,,
RSBN1,RSBN1,Messenger RNA,0.0,0,1,0.0,0.2075289575289575,0.0151515151515151,,,,
HOXA3,HOXA3,Messenger RNA,0.0,0,1,0.0,0.3252647503782148,0.0151515151515151,,,,
ABI2,ABI2,Messenger RNA,0.0,0,1,0.0044145509662751,0.2530900529723366,0.0454545454545454,0.3333333333333333,,,
CHD3,CHD3,Messenger RNA,0.0,20,0,,,,,,,
ADAMTS5,ADAMTS5,Messenger RNA,0.0,0,1,0.0,0.3252647503782148,0.0151515151515151,,,,
PHAX,PHAX,Messenger RNA,0.0,0,1,0.0,0.3235515425131678,0.0151515151515151,,,,
FOXO1,FOXO1,Messenger RNA,0.0,0,1,0.0123536066066763,0.3323029366306028,0.0303030303030303,1.0,,,
TMOD3,TMOD3,Messenger RNA,0.0,0,1,0.0,0.3171091445427728,0.0151515151515151,,,,
FEM1B,FEM1B,Messenger RNA,0.0,0,1,0.0,0.2901484480431849,0.0151515151515151,,,,
ANKIB1,ANKIB1,Messenger RNA,0.0,0,1,0.0,0.270440251572327,0.0151515151515151,,,,
ZNF106,ZNF106,Messenger RNA,0.0,0,1,0.0,0.3325599381283836,0.0151515151515151,,,,
MOB3B,MOB3B,Messenger RNA,0.0,0,1,0.0,0.299860529986053,0.0151515151515151,,,,
ARPP19,ARPP19,Messenger RNA,0.0,5,0,,,,,,,
PLXDC2,PLXDC2,Messenger RNA,0.0,0,1,0.020026177393845,0.3818827708703374,0.0454545454545454,1.0,,,
C5orf24,C5orf24,Messenger RNA,0.0,0,1,0.0,0.2075289575289575,0.0151515151515151,,,,
IFNAR2,IFNAR2,Messenger RNA,0.0,0,1,0.0,0.2535377358490566,0.0151515151515151,,,,
ING1,ING1,Messenger RNA,0.0,0,1,0.0,0.3364632237871675,0.0151515151515151,,,,
BMF,BMF,Messenger RNA,0.0,1,0,,,,,,,
DTWD2,DTWD2,Messenger RNA,0.0,0,1,0.0,0.2901484480431849,0.0151515151515151,,,,
GBA2,GBA2,Messenger RNA,0.0,0,1,0.0,0.2649414664202095,0.0151515151515151,,,,
DIO2,DIO2,Messenger RNA,0.0,0,1,0.0,0.3171091445427728,0.0151515151515151,,,,
GNB5,GNB5,Messenger RNA,0.0,21,0,,,,,,,
MIB1,MIB1,Messenger RNA,0.0,0,1,0.0,0.2901484480431849,0.0151515151515151,,,,
SMAD5,SMAD5,Messenger RNA,0.0,5,0,,,,,,,
PRLR,PRLR,Messenger RNA,0.0,0,1,0.0,0.1923076923076923,0.0151515151515151,,,,
RNF111,RNF111,Messenger RNA,0.0,0,1,0.0,0.3325599381283836,0.0151515151515151,,,,
ABHD5,ABHD5,Messenger RNA,0.0,0,1,0.0,0.2723242558581381,0.0151515151515151,,,,
PEG10,PEG10,Messenger RNA,0.0,6,0,,,,,,,
VASH2,VASH2,Messenger RNA,0.0,0,1,0.0,0.3171091445427728,0.0151515151515151,,,,
GRPEL2,GRPEL2,Messenger RNA,0.0,0,1,0.0,0.2901484480431849,0.0151515151515151,,,,
VMP1,VMP1,Messenger RNA,0.0,0,1,0.0,0.3364632237871675,0.0151515151515151,,,,
LRCH1,LRCH1,Messenger RNA,0.0,0,1,0.0,0.3634826711749788,0.0151515151515151,,,,
ARFIP1,ARFIP1,Messenger RNA,0.0,0,1,0.0,0.3235515425131678,0.0151515151515151,,,,
SLC16A14,SLC16A14,Messenger RNA,0.0,0,1,0.0,0.2723242558581381,0.0151515151515151,,,,
AAK1,AAK1,Messenger RNA,0.0,0,1,0.0,0.3634826711749788,0.0151515151515151,,,,
EFNB2,EFNB2,Messenger RNA,0.0,0,1,0.0,0.270440251572327,0.0151515151515151,,,,
TSPAN2,TSPAN2,Messenger RNA,0.0,0,1,0.0,0.3143274853801169,0.0151515151515151,,,,
ANK3,ANK3,Messenger RNA,0.0,0,1,0.0297589960167575,0.3706896551724138,0.0303030303030303,0.0,,,
NFIX,NFIX,Messenger RNA,0.0,22,0,,,,,,,
SPSB4,SPSB4,Messenger RNA,0.0,0,1,0.0,0.3171091445427728,0.0151515151515151,,,,
LAMC1,LAMC1,Messenger RNA,0.0,0,1,0.0182460939150159,0.3755458515283842,0.0303030303030303,0.0,,,
MSI2,MSI2,Messenger RNA,0.0,0,1,0.0041628061707261,0.256563245823389,0.0303030303030303,0.0,,,
AKT3,AKT3,Messenger RNA,0.0,0,1,0.0,0.3252647503782148,0.0151515151515151,,,,
KCTD16,KCTD16,Messenger RNA,2.0,0,1,0.0,0.3448275862068966,0.0151515151515151,,,,
RLIM,RLIM,Messenger RNA,0.0,0,1,0.0326916179974254,0.3504482477587612,0.0454545454545454,0.3333333333333333,,,
CACNA1C,CACNA1C,Messenger RNA,0.0,0,1,0.0,0.3295019157088122,0.0151515151515151,,,,
DKK3,DKK3,Messenger RNA,0.0,0,1,0.0075809954582609,0.3333333333333333,0.0303030303030303,0.0,,,
BBX,BBX,Messenger RNA,0.0,0,1,0.0091999299312684,0.3426294820717131,0.0303030303030303,1.0,,,
ANTXR2,ANTXR2,Messenger RNA,0.0,0,1,0.0,0.270440251572327,0.0151515151515151,,,,
ADGRL2,ADGRL2,Messenger RNA,0.0,0,1,0.0072800885337488,0.3109182935647144,0.0303030303030303,0.0,,,
BMPR2,BMPR2,Messenger RNA,0.0,0,1,0.0,0.2349726775956284,0.0151515151515151,,,,
FGF1,FGF1,Messenger RNA,0.0,0,1,0.0,0.3252647503782148,0.0151515151515151,,,,
TBX3,TBX3,Messenger RNA,0.0,23,0,,,,,,,
NCKAP1,NCKAP1,Messenger RNA,0.0,0,1,0.0043766578249336,0.3297546012269938,0.0303030303030303,0.0,,,
MAP3K1,MAP3K1,Messenger RNA,0.0,0,1,0.0,0.2462772050400916,0.0151515151515151,,,,
FLNC,FLNC,Messenger RNA,0.0,0,1,0.0,0.2564102564102564,0.0151515151515151,,,,
VEZF1,VEZF1,Messenger RNA,0.0,0,1,0.0,0.2591922845087402,0.0151515151515151,,,,
SLC16A6,SLC16A6,Messenger RNA,0.0,0,1,0.0,0.2677459526774595,0.0151515151515151,,,,
SRGAP1,SRGAP1,Messenger RNA,0.0,1,0,,,,,,,
CAMKK2,CAMKK2,Messenger RNA,0.0,0,1,0.0,0.2526439482961222,0.0151515151515151,,,,
PRKG1,PRKG1,Messenger RNA,0.0,0,1,0.0065121113435988,0.34181240063593,0.0303030303030303,0.0,,,
JADE2,JADE2,Messenger RNA,0.0,0,1,0.0217159971591193,0.3706896551724138,0.0454545454545454,0.6666666666666666,,,
FOSL2,FOSL2,Messenger RNA,0.0,0,1,0.0270869616578451,0.3716508210890233,0.0303030303030303,0.0,,,
CYTH3,CYTH3,Messenger RNA,1.0,0,1,0.0,0.3082437275985663,0.0151515151515151,,,,
USF3,USF3,Messenger RNA,0.0,0,1,0.0,0.3325599381283836,0.0151515151515151,,,,
SLC30A4,SLC30A4,Messenger RNA,0.0,0,1,0.0,0.3295019157088122,0.0151515151515151,,,,
SLC16A7,SLC16A7,Messenger RNA,0.0,0,1,0.0,0.3295019157088122,0.0151515151515151,,,,
MYLK,MYLK,Messenger RNA,0.0,0,1,0.0095699405295689,0.3279938977879481,0.0303030303030303,1.0,,,
NAV3,NAV3,Messenger RNA,0.0,0,1,0.0,0.3295019157088122,0.0151515151515151,,,,
TRAM2,TRAM2,Messenger RNA,0.0,0,1,0.0,0.3295019157088122,0.0151515151515151,,,,
PRRC2C,PRRC2C,Messenger RNA,0.0,0,1,0.0,0.2847682119205298,0.0151515151515151,,,,
RCBTB1,RCBTB1,Messenger RNA,0.0,0,1,0.0,0.3325599381283836,0.0151515151515151,,,,
SUCO,SUCO,Messenger RNA,0.0,0,1,0.0216938234179613,0.3338509316770186,0.0303030303030303,0.0,,,
MLEC,MLEC,Messenger RNA,0.0,0,1,0.0,0.2649414664202095,0.0151515151515151,,,,
TLCD5,TLCD5,Messenger RNA,0.0,0,1,0.0,0.2203997949769349,0.0151515151515151,,,,
ZSWIM4,ZSWIM4,Messenger RNA,0.0,0,1,0.0,0.3448275862068966,0.0151515151515151,,,,
NAV2,NAV2,Messenger RNA,0.0,0,1,0.0,0.3325599381283836,0.0151515151515151,,,,
CDS1,CDS1,Messenger RNA,0.0,0,1,0.0,0.2203997949769349,0.0151515151515151,,,,
FTO,FTO,Messenger RNA,0.0,0,1,0.0036242979897535,0.3235515425131678,0.0303030303030303,1.0,,,
DAB2,DAB2,Messenger RNA,0.0,0,1,0.0,0.270440251572327,0.0151515151515151,,,,
USP38,USP38,Messenger RNA,0.0,0,1,0.0,0.3235515425131678,0.0151515151515151,,,,
ACVR1B,ACVR1B,Messenger RNA,0.0,0,1,0.0,0.2649414664202095,0.0151515151515151,,,,
CARM1,CARM1,Messenger RNA,0.0,0,1,0.0,0.3082437275985663,0.0151515151515151,,,,
KCND2,KCND2,Messenger RNA,0.0,0,1,0.0,0.3109182935647144,0.0151515151515151,,,,
ZNF423,ZNF423,Messenger RNA,0.0,0,1,0.0,0.3448275862068966,0.0151515151515151,,,,
RUNX1T1,RUNX1T1,Messenger RNA,0.0,0,1,0.0218790232156209,0.3640982218458933,0.0303030303030303,0.0,,,
TMED8,TMED8,Messenger RNA,0.0,0,1,0.0251199986710672,0.3168754605747974,0.0303030303030303,0.0,,,
AQR,AQR,Messenger RNA,0.0,0,1,0.0,0.2649414664202095,0.0151515151515151,,,,
YTHDC1,YTHDC1,Messenger RNA,0.0,0,1,0.0,0.3004891684136967,0.0151515151515151,,,,
SOS1,SOS1,Messenger RNA,0.0,0,1,0.0,0.2737110120942075,0.0151515151515151,,,,
TRAF6,TRAF6,Messenger RNA,0.0,0,1,0.0,0.2203997949769349,0.0151515151515151,,,,
PRELID2,PRELID2,Messenger RNA,0.0,0,1,0.0,0.2203997949769349,0.0151515151515151,,,,
RPS6KA2,RPS6KA2,Messenger RNA,0.0,0,1,0.0,0.3634826711749788,0.0151515151515151,,,,
LPP,LPP,Messenger RNA,0.0,0,1,0.0344827586206896,0.3127272727272727,0.0303030303030303,0.0,,,
CNOT6L,CNOT6L,Messenger RNA,0.0,0,1,0.0,0.3004891684136967,0.0151515151515151,,,,
CSNK1A1,CSNK1A1,Messenger RNA,0.0,0,1,0.0,0.3220973782771535,0.0151515151515151,,,,
TCF4,TCF4,Messenger RNA,0.0,0,1,0.0337696858837297,0.370051635111876,0.0454545454545454,0.3333333333333333,,,
STMP1,STMP1,Messenger RNA,0.0,0,1,0.0,0.2723242558581381,0.0151515151515151,,,,
CPEB3,CPEB3,Messenger RNA,0.0,0,1,0.0118543175354841,0.2949245541838134,0.0303030303030303,0.0,,,
RRAGD,RRAGD,Messenger RNA,0.0,0,1,0.0,0.2551928783382789,0.0151515151515151,,,,
TTLL7,TTLL7,Messenger RNA,0.0,1,0,,,,,,,
HMCN1,HMCN1,Messenger RNA,0.0,0,1,0.0,0.3171091445427728,0.0151515151515151,,,,
ADAM19,ADAM19,Messenger RNA,0.0,0,1,0.0,0.2535377358490566,0.0151515151515151,,,,
BHLHE41,BHLHE41,Messenger RNA,0.0,7,0,,,,,,,
STAG2,STAG2,Messenger RNA,0.0,0,1,0.0,0.2075289575289575,0.0151515151515151,,,,
PPP1R9A,PPP1R9A,Messenger RNA,0.0,0,1,0.0,0.3295019157088122,0.0151515151515151,,,,
YY1,YY1,Messenger RNA,0.0,0,1,0.0157983923420902,0.3240391861341371,0.0303030303030303,0.0,,,
ATP7A,ATP7A,Messenger RNA,0.0,24,0,,,,,,,
MYEF2,MYEF2,Messenger RNA,0.0,0,1,0.0,0.2786779001944264,0.0151515151515151,,,,
CDH6,CDH6,Messenger RNA,0.0,0,1,0.0,0.3295019157088122,0.0151515151515151,,,,
CNNM2,CNNM2,Messenger RNA,0.0,0,1,0.0,0.2901484480431849,0.0151515151515151,,,,
ZKSCAN1,ZKSCAN1,Messenger RNA,0.0,25,0,,,,,,,
ITGA2,ITGA2,Messenger RNA,0.0,0,1,0.0,0.3325599381283836,0.0151515151515151,,,,
BHLHE22,BHLHE22,Messenger RNA,0.0,0,1,0.0,0.270440251572327,0.0151515151515151,,,,
AFF4,AFF4,Messenger RNA,0.0,0,1,0.0206528850462209,0.3574397339983375,0.0303030303030303,1.0,,,
CBX2,CBX2,Messenger RNA,0.0,0,1,0.0,0.2774193548387096,0.0151515151515151,,,,
ATXN7L1,ATXN7L1,Messenger RNA,0.0,0,1,0.0,0.3364632237871675,0.0151515151515151,,,,
BACH2,BACH2,Messenger RNA,0.0,0,1,0.0123536066066763,0.3323029366306028,0.0303030303030303,1.0,,,
USP46,USP46,Messenger RNA,0.0,26,0,,,,,,,
NEK4,NEK4,Messenger RNA,0.0,0,1,0.0,0.2649414664202095,0.0151515151515151,,,,
ZNF740,ZNF740,Messenger RNA,0.0,0,1,0.0302387267904509,0.2660891089108911,0.0303030303030303,0.0,,,
ITGAV,ITGAV,Messenger RNA,0.0,0,1,0.0,0.3006993006993007,0.0151515151515151,,,,
PALM2AKAP2,PALM2AKAP2,Messenger RNA,0.0,0,1,0.0,0.3295019157088122,0.0151515151515151,,,,
CCND2,CCND2,Messenger RNA,0.0,0,1,0.0241267824740266,0.3808680248007086,0.0303030303030303,0.0,,,
RAP2B,RAP2B,Messenger RNA,0.0,0,1,0.0,0.3143274853801169,0.0151515151515151,,,,
CABLES2,CABLES2,Messenger RNA,0.0,2,0,,,,,,,
KIAA1217,KIAA1217,Messenger RNA,0.0,0,1,0.0,0.3364632237871675,0.0151515151515151,,,,
PPM1F,PPM1F,Messenger RNA,0.0,0,1,0.0,0.270440251572327,0.0151515151515151,,,,
HIPK2,HIPK2,Messenger RNA,0.0,0,1,0.0049859939655469,0.340729001584786,0.0303030303030303,1.0,,,
PTPN4,PTPN4,Messenger RNA,0.0,0,1,0.0,0.3004891684136967,0.0151515151515151,,,,
SMAD2,SMAD2,Messenger RNA,0.0,0,1,0.0,0.3235515425131678,0.0151515151515151,,,,
SHROOM4,SHROOM4,Messenger RNA,0.0,0,1,0.0,0.270440251572327,0.0151515151515151,,,,
SKP1,SKP1,Messenger RNA,0.0,27,0,,,,,,,
ARL4C,ARL4C,Messenger RNA,0.0,0,1,0.0,0.270440251572327,0.0151515151515151,,,,
FAT3,FAT3,Messenger RNA,0.0,0,1,0.0,0.3252647503782148,0.0151515151515151,,,,
LPGAT1,LPGAT1,Messenger RNA,0.0,0,1,0.0,0.2462772050400916,0.0151515151515151,,,,
TET3,TET3,Messenger RNA,0.0,0,1,0.0,0.2901484480431849,0.0151515151515151,,,,
AJAP1,AJAP1,Messenger RNA,0.0,8,0,,,,,,,
GALNT3,GALNT3,Messenger RNA,0.0,0,1,0.0,0.2535377358490566,0.0151515151515151,,,,
ADAMTS2,ADAMTS2,Messenger RNA,0.0,0,1,0.0,0.3082437275985663,0.0151515151515151,,,,
TGOLN2,TGOLN2,Messenger RNA,0.0,0,1,0.0230938492296832,0.3916211293260473,0.0303030303030303,1.0,,,
NFIC,NFIC,Messenger RNA,0.0,0,1,0.0,0.2349726775956284,0.0151515151515151,,,,
LSM11,LSM11,Messenger RNA,0.0,0,1,0.0,0.2203997949769349,0.0151515151515151,,,,
COL6A3,COL6A3,Messenger RNA,0.0,0,1,0.0,0.3171091445427728,0.0151515151515151,,,,
DCUN1D3,DCUN1D3,Messenger RNA,0.0,0,1,0.0,0.3634826711749788,0.0151515151515151,,,,
RTF1,RTF1,Messenger RNA,0.0,0,1,0.0,0.3004891684136967,0.0151515151515151,,,,
PPP6R3,PPP6R3,Messenger RNA,0.0,0,1,0.0,0.270440251572327,0.0151515151515151,,,,
GRIN2A,GRIN2A,Messenger RNA,0.0,0,1,0.0,0.3143274853801169,0.0151515151515151,,,,
CTNND2,CTNND2,Messenger RNA,0.0,0,1,0.0,0.3004891684136967,0.0151515151515151,,,,
DOK6,DOK6,Messenger RNA,0.0,0,1,0.0,0.2740599107711918,0.0151515151515151,,,,
RASGRF2,RASGRF2,Messenger RNA,0.0,0,1,0.0,0.3634826711749788,0.0151515151515151,,,,
ENTPD1,ENTPD1,Messenger RNA,0.0,0,1,0.0,0.3237951807228915,0.0151515151515151,,,,
CTTNBP2NL,CTTNBP2NL,Messenger RNA,0.0,0,1,0.0,0.3143274853801169,0.0151515151515151,,,,
ZBTB16,ZBTB16,Messenger RNA,0.0,9,0,,,,,,,
RND3,RND3,Messenger RNA,0.0,0,1,0.0,0.274234693877551,0.0151515151515151,,,,
AXL,AXL,Messenger RNA,0.0,0,1,0.0,0.3109182935647144,0.0151515151515151,,,,
LRRC8A,LRRC8A,Messenger RNA,0.0,0,1,0.0,0.3448275862068966,0.0151515151515151,,,,
SEMA6D,SEMA6D,Messenger RNA,0.0,0,1,0.0,0.2349726775956284,0.0151515151515151,,,,
S1PR1,S1PR1,Messenger RNA,0.0,28,0,,,,,,,
AKAP12,AKAP12,Messenger RNA,0.0,0,1,0.0,0.3252647503782148,0.0151515151515151,,,,
NCOA3,NCOA3,Messenger RNA,0.0,0,1,0.0,0.2767052767052767,0.0151515151515151,,,,
LIN54,LIN54,Messenger RNA,0.0,0,1,0.0,0.3004891684136967,0.0151515151515151,,,,
SBNO1,SBNO1,Messenger RNA,0.0,0,1,0.0,0.2440408626560726,0.0151515151515151,,,,
FNIP1,FNIP1,Messenger RNA,0.0,0,1,0.0,0.2527924750146972,0.0151515151515151,,,,
CDS2,CDS2,Messenger RNA,0.0,0,1,0.0087343690791966,0.3009097270818754,0.0303030303030303,0.0,,,
RASGRP1,RASGRP1,Messenger RNA,0.0,29,0,,,,,,,
AFAP1L2,AFAP1L2,Messenger RNA,0.0,0,1,0.0,0.2203997949769349,0.0151515151515151,,,,
EOGT,EOGT,Messenger RNA,0.0,0,1,0.0718264494126563,0.3182827535159141,0.0303030303030303,0.0,,,
KCNN3,KCNN3,Messenger RNA,2.0,0,1,0.0,0.2774193548387096,0.0151515151515151,,,,
ZFHX4,ZFHX4,Messenger RNA,0.0,0,1,0.0,0.3448275862068966,0.0151515151515151,,,,
SMARCAD1,SMARCAD1,Messenger RNA,0.0,0,1,0.0,0.1923076923076923,0.0151515151515151,,,,
CHST7,CHST7,Messenger RNA,0.0,10,0,,,,,,,
ERG,ERG,Messenger RNA,0.0,0,1,0.0,0.3448275862068966,0.0151515151515151,,,,
ACER2,ACER2,Messenger RNA,0.0,0,1,0.0,0.1923076923076923,0.0151515151515151,,,,
CTDSPL2,CTDSPL2,Messenger RNA,0.0,0,1,0.0,0.3295019157088122,0.0151515151515151,,,,
TTC28,TTC28,Messenger RNA,0.0,0,1,0.0,0.3295019157088122,0.0151515151515151,,,,
PRKCA,PRKCA,Messenger RNA,0.0,0,1,0.0,0.3448275862068966,0.0151515151515151,,,,
DYNLL2,DYNLL2,Messenger RNA,0.0,0,1,0.0,0.3235515425131678,0.0151515151515151,,,,
PLEKHM3,PLEKHM3,Messenger RNA,0.0,0,1,0.0,0.3295019157088122,0.0151515151515151,,,,
CCDC85C,CCDC85C,Messenger RNA,0.0,0,1,0.0,0.2275132275132275,0.0151515151515151,,,,
UBASH3B,UBASH3B,Messenger RNA,0.0,0,1,0.0,0.2551928783382789,0.0151515151515151,,,,
FAR1,FAR1,Messenger RNA,0.0,30,0,,,,,,,
FBXO28,FBXO28,Messenger RNA,0.0,0,1,0.0,0.2462772050400916,0.0151515151515151,,,,
JAK1,JAK1,Messenger RNA,0.0,0,1,0.0,0.274234693877551,0.0151515151515151,,,,
ZFHX3,ZFHX3,Messenger RNA,0.0,0,1,0.0,0.2786779001944264,0.0151515151515151,,,,
NIPA1,NIPA1,Messenger RNA,0.0,11,0,,,,,,,
ATP6V1A,ATP6V1A,Messenger RNA,0.0,0,1,0.0,0.2901484480431849,0.0151515151515151,,,,
MITF,MITF,Messenger RNA,0.0,0,1,0.0,0.3109182935647144,0.0151515151515151,,,,
NSUN4,NSUN4,Messenger RNA,0.0,0,1,0.0,0.2786779001944264,0.0151515151515151,,,,
LMOD1,LMOD1,Messenger RNA,0.0,0,1,0.0,0.270440251572327,0.0151515151515151,,,,
SNCA,SNCA,Messenger RNA,0.0,0,1,0.0,0.2349726775956284,0.0151515151515151,,,,
PTPN9,PTPN9,Messenger RNA,0.0,0,1,0.0,0.3325599381283836,0.0151515151515151,,,,
ENAH,ENAH,Messenger RNA,0.0,0,1,0.0,0.3082437275985663,0.0151515151515151,,,,
IGF2,IGF2,Messenger RNA,0.0,0,1,0.0,0.299860529986053,0.0151515151515151,,,,
EFCAB14,EFCAB14,Messenger RNA,0.0,0,1,0.0,0.274234693877551,0.0151515151515151,,,,
YPEL2,YPEL2,Messenger RNA,0.0,31,0,,,,,,,
TOLLIP,TOLLIP,Messenger RNA,0.0,0,1,0.0,0.2523474178403755,0.0151515151515151,,,,
ELAVL2,ELAVL2,Messenger RNA,0.0,0,1,0.0,0.2492753623188406,0.0151515151515151,,,,
CHST11,CHST11,Messenger RNA,0.0,0,1,0.0,0.2551928783382789,0.0151515151515151,,,,
SRGAP3,SRGAP3,Messenger RNA,0.0,0,1,0.0087343690791966,0.2740599107711918,0.0303030303030303,0.0,,,
IRGQ,IRGQ,Messenger RNA,0.0,0,1,0.0,0.2901484480431849,0.0151515151515151,,,,
GNG12,GNG12,Messenger RNA,0.0,0,1,0.0,0.3125,0.0151515151515151,,,,
INTS2,INTS2,Messenger RNA,0.0,0,1,0.0,0.2774193548387096,0.0151515151515151,,,,
BCL2L13,BCL2L13,Messenger RNA,0.0,12,0,,,,,,,
DSC2,DSC2,Messenger RNA,0.0,0,1,0.0,0.2723242558581381,0.0151515151515151,,,,
ARIH1,ARIH1,Messenger RNA,0.0,0,1,0.0,0.3325599381283836,0.0151515151515151,,,,
IL6ST,IL6ST,Messenger RNA,0.0,0,1,0.0,0.3325599381283836,0.0151515151515151,,,,
KCTD20,KCTD20,Messenger RNA,0.0,0,1,0.0,0.3171091445427728,0.0151515151515151,,,,
BCL3,BCL3,Messenger RNA,0.0,10,0,,,,,,,
MMP2,MMP2,Messenger RNA,0.0,0,1,0.0,0.3634826711749788,0.0151515151515151,,,,
MEOX2,MEOX2,Messenger RNA,0.0,0,1,0.0,0.3364632237871675,0.0151515151515151,,,,
CAMK2A,CAMK2A,Messenger RNA,0.0,0,1,0.0,0.3109182935647144,0.0151515151515151,,,,
HMGCR,HMGCR,Messenger RNA,0.0,0,1,0.0,0.2723242558581381,0.0151515151515151,,,,
SH2B3,SH2B3,Messenger RNA,0.0,0,1,0.0,0.3295019157088122,0.0151515151515151,,,,
COX4I1,COX4I1,Messenger RNA,0.0,32,0,,,,,,,
STXBP5,STXBP5,Messenger RNA,0.0,0,1,0.0,0.3295019157088122,0.0151515151515151,,,,
MEST,MEST,Messenger RNA,0.0,0,1,0.0,0.2723242558581381,0.0151515151515151,,,,
BCORL1,BCORL1,Messenger RNA,0.0,0,1,0.0,0.2591922845087402,0.0151515151515151,,,,
ZC3H14,ZC3H14,Messenger RNA,0.0,4,0,,,,,,,
BACE1,BACE1,Messenger RNA,0.0,0,1,0.0,0.270440251572327,0.0151515151515151,,,,
XIAP,XIAP,Messenger RNA,0.0,0,1,0.0,0.2737110120942075,0.0151515151515151,,,,
FRZB,FRZB,Messenger RNA,0.0,0,1,0.0,0.274234693877551,0.0151515151515151,,,,
SERPINH1,SERPINH1,Messenger RNA,0.0,0,1,0.0,0.3171091445427728,0.0151515151515151,,,,
GPBP1,GPBP1,Messenger RNA,0.0,0,1,0.0,0.2118226600985221,0.0151515151515151,,,,
PPP4R2,PPP4R2,Messenger RNA,0.0,0,1,0.0,0.3004891684136967,0.0151515151515151,,,,
KIF3A,KIF3A,Messenger RNA,0.0,0,1,0.0,0.2737110120942075,0.0151515151515151,,,,
WWTR1,WWTR1,Messenger RNA,0.0,0,1,0.0,0.299860529986053,0.0151515151515151,,,,
TBCK,TBCK,Messenger RNA,0.0,0,1,0.0083242950224176,0.308686288585786,0.0303030303030303,0.0,,,
INTS6L,INTS6L,Messenger RNA,0.0,0,1,0.0,0.3448275862068966,0.0151515151515151,,,,
NBEAL1,NBEAL1,Messenger RNA,0.0,0,1,0.0,0.3634826711749788,0.0151515151515151,,,,
HERPUD2,HERPUD2,Messenger RNA,0.0,0,1,0.0,0.2349726775956284,0.0151515151515151,,,,
PTPN14,PTPN14,Messenger RNA,3.0,7,0,,,,,,,
CRISPLD2,CRISPLD2,Messenger RNA,0.0,0,1,0.0,0.270440251572327,0.0151515151515151,,,,
CCNJL,CCNJL,Messenger RNA,0.0,0,1,0.0,0.270440251572327,0.0151515151515151,,,,
TRIB2,TRIB2,Messenger RNA,0.0,0,1,0.0,0.2392877017250974,0.0151515151515151,,,,
RAB10,RAB10,Messenger RNA,0.0,0,1,0.0,0.3143274853801169,0.0151515151515151,,,,
KCTD10,KCTD10,Messenger RNA,0.0,0,1,0.0,0.1923076923076923,0.0151515151515151,,,,
NEDD4L,NEDD4L,Messenger RNA,0.0,0,1,0.0,0.2649414664202095,0.0151515151515151,,,,
DCUN1D4,DCUN1D4,Messenger RNA,0.0,0,1,0.0,0.2723242558581381,0.0151515151515151,,,,
MTPN,MTPN,Messenger RNA,0.0,0,1,0.0043766578249336,0.2494199535962877,0.0303030303030303,0.0,,,
LUZP1,LUZP1,Messenger RNA,0.0,0,1,0.0,0.3220973782771535,0.0151515151515151,,,,
ERBB3,ERBB3,Messenger RNA,0.0,0,1,0.0,0.2649414664202095,0.0151515151515151,,,,
KIRREL1,KIRREL1,Messenger RNA,0.0,0,1,0.0312607568322846,0.3815439219165927,0.0454545454545454,0.6666666666666666,,,
KCNJ2,KCNJ2,Messenger RNA,0.0,0,1,0.0132329005285338,0.3429027113237639,0.0303030303030303,0.0,,,
PAPPA,PAPPA,Messenger RNA,0.0,0,1,0.0,0.3125,0.0151515151515151,,,,
MARCHF6,MARCHF6,Messenger RNA,0.0,0,1,0.0,0.2203997949769349,0.0151515151515151,,,,
NF1,NF1,Messenger RNA,0.0,0,1,0.0,0.3325599381283836,0.0151515151515151,,,,
SNAI1,SNAI1,Messenger RNA,0.0,0,1,0.0,0.2774193548387096,0.0151515151515151,,,,
LMTK2,LMTK2,Messenger RNA,0.0,0,1,0.0,0.3235515425131678,0.0151515151515151,,,,
SPATS2L,SPATS2L,Messenger RNA,0.0,0,1,0.0,0.3448275862068966,0.0151515151515151,,,,
STRADB,STRADB,Messenger RNA,0.0,0,1,0.0,0.2649414664202095,0.0151515151515151,,,,
PLAGL1,PLAGL1,Messenger RNA,0.0,0,1,0.0,0.3252647503782148,0.0151515151515151,,,,
FOXF1,FOXF1,Messenger RNA,0.0,0,1,0.0,0.274234693877551,0.0151515151515151,,,,
PPM1D,PPM1D,Messenger RNA,0.0,0,1,0.0,0.2901484480431849,0.0151515151515151,,,,
STX17,STX17,Messenger RNA,0.0,0,1,0.0512694202349374,0.2408963585434173,0.0303030303030303,0.0,,,
ZC2HC1C,ZC2HC1C,Messenger RNA,0.0,33,0,,,,,,,
DIRAS2,DIRAS2,Messenger RNA,0.0,0,1,0.0,0.2788586251621271,0.0151515151515151,,,,
BZW1,BZW1,Messenger RNA,0.0,0,1,0.0,0.1923076923076923,0.0151515151515151,,,,
MID2,MID2,Messenger RNA,0.0,0,1,0.0,0.2591922845087402,0.0151515151515151,,,,
FYN,FYN,Messenger RNA,0.0,0,1,0.0,0.2774193548387096,0.0151515151515151,,,,
RAB6B,RAB6B,Messenger RNA,0.0,0,1,0.0,0.3171091445427728,0.0151515151515151,,,,
PMEPA1,PMEPA1,Messenger RNA,0.0,0,1,0.0,0.3109182935647144,0.0151515151515151,,,,
SLC25A12,SLC25A12,Messenger RNA,0.0,0,1,0.0,0.3364632237871675,0.0151515151515151,,,,
SLC38A7,SLC38A7,Messenger RNA,0.0,13,0,,,,,,,
ZNF37A,ZNF37A,Messenger RNA,0.0,0,1,0.0,0.2203997949769349,0.0151515151515151,,,,
BCL2,BCL2,Messenger RNA,0.0,0,1,0.0,0.3004891684136967,0.0151515151515151,,,,
GPCPD1,GPCPD1,Messenger RNA,0.0,0,1,0.0,0.2392877017250974,0.0151515151515151,,,,
TNS3,TNS3,Messenger RNA,0.0,0,1,0.0,0.270440251572327,0.0151515151515151,,,,
PLEKHA3,PLEKHA3,Messenger RNA,0.0,0,1,0.0,0.2169525731584258,0.0151515151515151,,,,
RILPL1,RILPL1,Messenger RNA,0.0,14,0,,,,,,,
RFTN1,RFTN1,Messenger RNA,0.0,0,1,0.0,0.270440251572327,0.0151515151515151,,,,
ANO6,ANO6,Messenger RNA,0.0,0,1,0.0,0.3634826711749788,0.0151515151515151,,,,
ASB14,ASB14,Messenger RNA,0.0,0,1,0.0,0.2075289575289575,0.0151515151515151,,,,
GIT2,GIT2,Messenger RNA,0.0,0,1,0.0,0.3634826711749788,0.0151515151515151,,,,
MYRIP,MYRIP,Messenger RNA,0.0,0,1,0.0,0.3004891684136967,0.0151515151515151,,,,
CYB561D1,CYB561D1,Messenger RNA,1.0,34,0,,,,,,,
NOL4L,NOL4L,Messenger RNA,0.0,35,0,,,,,,,
USP31,USP31,Messenger RNA,0.0,0,1,0.0,0.3004891684136967,0.0151515151515151,,,,
RBM33,RBM33,Messenger RNA,0.0,0,1,0.0,0.3295019157088122,0.0151515151515151,,,,
RPS6KA3,RPS6KA3,Messenger RNA,0.0,0,1,0.0,0.3448275862068966,0.0151515151515151,,,,
CDC42BPB,CDC42BPB,Messenger RNA,0.0,0,1,0.0,0.3325599381283836,0.0151515151515151,,,,
SLC25A26,SLC25A26,Messenger RNA,0.0,0,1,0.0010489728364343,0.3225806451612903,0.0303030303030303,1.0,,,
MINDY2,MINDY2,Messenger RNA,0.0,1,0,,,,,,,
ALX4,ALX4,Messenger RNA,0.0,8,0,,,,,,,
ENTPD4,ENTPD4,Messenger RNA,0.0,0,1,0.0,0.3109182935647144,0.0151515151515151,,,,
RBFOX2,RBFOX2,Messenger RNA,0.0,0,1,0.0,0.3006993006993007,0.0151515151515151,,,,
SENP5,SENP5,Messenger RNA,0.0,6,0,,,,,,,
HS3ST5,HS3ST5,Messenger RNA,0.0,36,0,,,,,,,
RPAP2,RPAP2,Messenger RNA,0.0,11,0,,,,,,,
AFF3,AFF3,Messenger RNA,0.0,0,1,0.0091999299312684,0.3426294820717131,0.0303030303030303,1.0,,,
SETD7,SETD7,Messenger RNA,0.0,0,1,0.0,0.3325599381283836,0.0151515151515151,,,,
GOLT1A,GOLT1A,Messenger RNA,0.0,0,1,0.0,0.2526439482961222,0.0151515151515151,,,,
NEGR1,NEGR1,Messenger RNA,0.0,0,1,0.0,0.3448275862068966,0.0151515151515151,,,,
ETV6,ETV6,Messenger RNA,0.0,0,1,0.0,0.2406267487409065,0.0151515151515151,,,,
ZBTB37,ZBTB37,Messenger RNA,0.0,0,1,0.0,0.3325599381283836,0.0151515151515151,,,,
RCOR3,RCOR3,Messenger RNA,0.0,0,1,0.0,0.3325599381283836,0.0151515151515151,,,,
CEP41,CEP41,Messenger RNA,0.0,14,0,,,,,,,
PAWR,PAWR,Messenger RNA,0.0,0,1,0.0,0.1923076923076923,0.0151515151515151,,,,
CHIC1,CHIC1,Messenger RNA,0.0,0,1,0.0,0.2649414664202095,0.0151515151515151,,,,
DALRD3,DALRD3,Messenger RNA,0.0,0,1,0.0,0.2649414664202095,0.0151515151515151,,,,
MAP3K7,MAP3K7,Messenger RNA,0.0,0,1,0.0,0.3295019157088122,0.0151515151515151,,,,
MSRB3,MSRB3,Messenger RNA,0.0,0,1,0.0,0.3295019157088122,0.0151515151515151,,,,
SPRY2,SPRY2,Messenger RNA,0.0,0,1,0.0,0.3325599381283836,0.0151515151515151,,,,
VRK3,VRK3,Messenger RNA,0.0,0,1,0.0,0.2462772050400916,0.0151515151515151,,,,
TMEM167A,TMEM167A,Messenger RNA,0.0,0,1,0.0,0.274234693877551,0.0151515151515151,,,,
TMEM251,TMEM251,Messenger RNA,0.0,0,1,0.0043766578249336,0.192393736017897,0.0303030303030303,0.0,,,
PDE7B,PDE7B,Messenger RNA,0.0,0,1,0.0,0.3004891684136967,0.0151515151515151,,,,
JPH2,JPH2,Messenger RNA,0.0,0,1,0.0,0.3109182935647144,0.0151515151515151,,,,
STOX2,STOX2,Messenger RNA,0.0,0,1,0.0,0.3235515425131678,0.0151515151515151,,,,
CREB1,CREB1,Messenger RNA,0.0,0,1,0.0,0.3325599381283836,0.0151515151515151,,,,
HIF1AN,HIF1AN,Messenger RNA,0.0,0,1,0.0,0.3235515425131678,0.0151515151515151,,,,
TMEM184B,TMEM184B,Messenger RNA,0.0,12,0,,,,,,,
ZNF281,ZNF281,Messenger RNA,0.0,0,1,0.0,0.3295019157088122,0.0151515151515151,,,,
TPM4,TPM4,Messenger RNA,0.0,0,1,0.0,0.3143274853801169,0.0151515151515151,,,,
WIPF1,WIPF1,Messenger RNA,0.0,0,1,0.0011359121783827,0.3009097270818754,0.0303030303030303,0.0,,,
SH3BGRL2,SH3BGRL2,Messenger RNA,0.0,0,1,0.0,0.270440251572327,0.0151515151515151,,,,
POLR3D,POLR3D,Messenger RNA,0.0,0,1,0.0,0.1923076923076923,0.0151515151515151,,,,
BTG2,BTG2,Messenger RNA,0.0,37,0,,,,,,,
ATXN7,ATXN7,Messenger RNA,0.0,0,1,0.0,0.3004891684136967,0.0151515151515151,,,,
RNF122,RNF122,Messenger RNA,0.0,0,1,0.0,0.2535377358490566,0.0151515151515151,,,,
PDE12,PDE12,Messenger RNA,0.0,0,1,0.0,0.2959394356503785,0.0151515151515151,,,,
SEPTIN11,SEPTIN11,Messenger RNA,0.0,0,1,0.0,0.3082437275985663,0.0151515151515151,,,,
GNS,GNS,Messenger RNA,0.0,0,1,0.0,0.274234693877551,0.0151515151515151,,,,
GRAP2,GRAP2,Messenger RNA,0.0,0,1,0.0,0.2788586251621271,0.0151515151515151,,,,
RIC1,RIC1,Messenger RNA,0.0,0,1,0.0,0.2440408626560726,0.0151515151515151,,,,
DDX3X,DDX3X,Messenger RNA,0.0,0,1,0.0,0.3295019157088122,0.0151515151515151,,,,
SAMD4A,SAMD4A,Messenger RNA,0.0,0,1,0.0,0.3143274853801169,0.0151515151515151,,,,
AFF2,AFF2,Messenger RNA,0.0,0,1,0.0,0.1923076923076923,0.0151515151515151,,,,
DAAM2,DAAM2,Messenger RNA,0.0,9,0,,,,,,,
RAB11FIP1,RAB11FIP1,Messenger RNA,0.0,1,0,,,,,,,
PANK3,PANK3,Messenger RNA,0.0,0,1,0.0,0.2677459526774595,0.0151515151515151,,,,
ALS2,ALS2,Messenger RNA,0.0,0,1,0.0,0.2526439482961222,0.0151515151515151,,,,
ZBTB4,ZBTB4,Messenger RNA,0.0,0,1,0.0015353549571122,0.5658198614318707,0.1212121212121212,1.0,,,
DZIP1,DZIP1,Messenger RNA,0.0,0,1,0.0286232613877153,0.6712328767123288,0.4242424242424242,1.0,,,
WAC,WAC,Messenger RNA,0.0,0,1,0.001958853127842,0.5632183908045977,0.0909090909090909,1.0,,,
DCP2,DCP2,Messenger RNA,0.0,0,1,0.0,0.5432372505543237,0.0303030303030303,,,,
CBX7,CBX7,Messenger RNA,1.0,0,1,0.0027462789604613,0.601965601965602,0.1515151515151515,1.0,,,
SATB2,SATB2,Messenger RNA,0.0,0,1,0.0335614471956714,0.6712328767123288,0.3333333333333333,0.9818181818181818,,,
JCAD,JCAD,Messenger RNA,0.0,0,1,0.0057205200539642,0.5875299760191847,0.2424242424242424,1.0,,,
CALN1,CALN1,Messenger RNA,1.0,0,1,0.0537815485210925,0.6901408450704225,0.3333333333333333,0.9272727272727272,,,
NAV1,NAV1,Messenger RNA,0.0,0,1,0.1737732446932956,0.8249158249158249,0.6363636363636364,0.8904761904761904,,,
ABI2,ABI2,Messenger RNA,1.0,0,1,0.0093655029224709,0.5961070559610706,0.1818181818181818,1.0,,,
MOB3B,MOB3B,Messenger RNA,0.0,0,1,0.0020142310515895,0.5764705882352941,0.1212121212121212,1.0,,,
BMF,BMF,Messenger RNA,1.0,0,1,0.0057768837866745,0.5903614457831325,0.1818181818181818,1.0,,,
TSPAN2,TSPAN2,Messenger RNA,0.0,0,1,0.0011731107484854,0.5737704918032787,0.1212121212121212,1.0,,,
NFIX,NFIX,Messenger RNA,0.0,0,1,0.1609891368760108,0.8249158249158249,0.8181818181818182,0.9116809116809116,,,
BBX,BBX,Messenger RNA,1.0,0,1,0.0036770691673077,0.6049382716049383,0.1818181818181818,1.0,,,
ACVR1B,ACVR1B,Messenger RNA,1.0,0,1,0.0010898570640134,0.5555555555555556,0.0606060606060606,1.0,,,
RUNX1T1,RUNX1T1,Messenger RNA,0.0,0,1,0.0480219339206297,0.7101449275362319,0.5757575757575758,1.0,,,
TMED8,TMED8,Messenger RNA,0.0,0,1,0.0270893827725021,0.649867374005305,0.2424242424242424,0.9285714285714286,,,
MYEF2,MYEF2,Messenger RNA,2.0,0,1,0.0020449413756419,0.5791962174940898,0.1515151515151515,1.0,,,
BACH2,BACH2,Messenger RNA,1.0,0,1,0.0020449413756419,0.5791962174940898,0.1515151515151515,1.0,,,
NEK4,NEK4,Messenger RNA,0.0,0,1,0.0354780086847977,0.639686684073107,0.2424242424242424,0.8214285714285714,,,
KIAA1217,KIAA1217,Messenger RNA,0.0,0,1,0.0257665036659305,0.6298200514138818,0.2121212121212121,1.0,,,
HIPK2,HIPK2,Messenger RNA,0.0,0,1,0.0039807730759936,0.5658198614318707,0.0606060606060606,1.0,,,
DOK6,DOK6,Messenger RNA,0.0,0,1,0.0010898570640134,0.5555555555555556,0.0606060606060606,1.0,,,
LRRC8A,LRRC8A,Messenger RNA,0.0,0,1,0.0008221910911659,0.5530474040632054,0.0909090909090909,1.0,,,
LIN54,LIN54,Messenger RNA,2.0,0,1,0.0011237801410389,0.5819477434679335,0.0909090909090909,1.0,,,
ERG,ERG,Messenger RNA,1.0,0,1,0.0783929834776315,0.7060518731988472,0.5151515151515151,0.8970588235294118,,,
CCDC85C,CCDC85C,Messenger RNA,1.0,0,1,0.0136377105536195,0.6171284634760705,0.2121212121212121,1.0,,,
JAK1,JAK1,Messenger RNA,0.0,0,1,0.0032355242200082,0.5710955710955711,0.1212121212121212,1.0,,,
LMOD1,LMOD1,Messenger RNA,0.0,0,1,0.0037301195383852,0.607940446650124,0.1818181818181818,1.0,,,
ELAVL2,ELAVL2,Messenger RNA,0.0,0,1,0.0086518107366094,0.6140350877192983,0.2121212121212121,1.0,,,
INTS2,INTS2,Messenger RNA,0.0,0,1,0.0034170828203181,0.568445475638051,0.0909090909090909,1.0,,,
ARIH1,ARIH1,Messenger RNA,1.0,0,1,0.0015054002996529,0.5658198614318707,0.1212121212121212,1.0,,,
KCTD20,KCTD20,Messenger RNA,0.0,0,1,0.0263101810002301,0.6298200514138818,0.2727272727272727,0.9444444444444444,,,
MEST,MEST,Messenger RNA,0.0,0,1,0.000661425063039,0.5580865603644647,0.0909090909090909,1.0,,,
PMEPA1,PMEPA1,Messenger RNA,0.0,0,1,0.0229705015670159,0.6568364611260054,0.3636363636363636,1.0,,,
ESR1,ESR1,Messenger RNA,1.0,0,1,0.000111876909484,0.4989816700610998,0.0606060606060606,1.0,,,
PPIC,PPIC,Messenger RNA,0.0,0,1,0.0010420776340686,0.5432372505543237,0.0909090909090909,1.0,,,
ENTPD1,ENTPD1,Messenger RNA,0.0,0,1,0.0,0.4929577464788732,0.0303030303030303,,,,
NEDD4L,NEDD4L,Messenger RNA,0.0,0,1,0.0024123705874335,0.5764705882352941,0.1515151515151515,1.0,,,
KIRREL1,KIRREL1,Messenger RNA,0.0,0,1,0.0007052036327558,0.5408388520971302,0.0909090909090909,1.0,,,
CREBL2,CREBL2,Messenger RNA,0.0,0,1,0.0,0.5157894736842106,0.0303030303030303,,,,
UHRF1BP1,UHRF1BP1,Messenger RNA,4.0,0,1,0.0015064366265468,0.5710955710955711,0.1212121212121212,1.0,,,
GPR157,GPR157,Messenger RNA,0.0,0,1,0.0,0.5157894736842106,0.0303030303030303,,,,
MSI2,MSI2,Messenger RNA,0.0,0,1,0.0026401659852105,0.5408388520971302,0.1212121212121212,1.0,,,
BMPR2,BMPR2,Messenger RNA,1.0,0,1,0.0008331959383164,0.5337690631808278,0.0909090909090909,1.0,,,
FGF1,FGF1,Messenger RNA,0.0,0,1,0.000973567824513,0.5555555555555556,0.0909090909090909,1.0,,,
YTHDC1,YTHDC1,Messenger RNA,0.0,0,1,0.0026730969667955,0.5456570155902004,0.1212121212121212,1.0,,,
PPP6R3,PPP6R3,Messenger RNA,0.0,0,1,0.0001421216228524,0.5246252676659529,0.0606060606060606,1.0,,,
CYB561D1,CYB561D1,Messenger RNA,0.0,0,1,0.0026730969667955,0.5456570155902004,0.1212121212121212,1.0,,,
CEP41,CEP41,Messenger RNA,0.0,0,1,0.0298650281488368,0.607940446650124,0.2121212121212121,0.8095238095238095,,,
DIO2,DIO2,Messenger RNA,0.0,0,1,0.0001732604824015,0.5246252676659529,0.0606060606060606,1.0,,,
ADAMTS2,ADAMTS2,Messenger RNA,1.0,0,1,0.0001407351036361,0.5291576673866091,0.0606060606060606,1.0,,,
TMEM167A,TMEM167A,Messenger RNA,0.0,0,1,0.0122624802122485,0.5903614457831325,0.2424242424242424,0.8928571428571429,,,
CYTH3,CYTH3,Messenger RNA,0.0,0,1,0.0,0.4989816700610998,0.0303030303030303,,,,
ZC2HC1C,ZC2HC1C,Messenger RNA,0.0,0,1,0.0044754190059751,0.5408388520971302,0.1212121212121212,0.8333333333333334,,,
AHCYL2,AHCYL2,Messenger RNA,1.0,0,1,0.0002501006705333,0.5010224948875256,0.0606060606060606,1.0,,,
KCNN3,KCNN3,Messenger RNA,0.0,0,1,0.0002501006705333,0.5010224948875256,0.0606060606060606,1.0,,,
SLC16A14,SLC16A14,Messenger RNA,0.0,0,1,0.0,0.4969574036511156,0.0303030303030303,,,,
DAAM1,DAAM1,Messenger RNA,0.0,0,1,0.0005282050132666,0.4989816700610998,0.0606060606060606,1.0,,,
GBA2,GBA2,Messenger RNA,0.0,0,1,0.0,0.4720616570327553,0.0303030303030303,,,,
DKK3,DKK3,Messenger RNA,0.0,0,1,0.0,0.4720616570327553,0.0303030303030303,,,,
ANTXR2,ANTXR2,Messenger RNA,1.0,0,1,0.0,0.4720616570327553,0.0303030303030303,,,,
CDS1,CDS1,Messenger RNA,0.0,0,1,0.0,0.4720616570327553,0.0303030303030303,,,,
AFAP1L2,AFAP1L2,Messenger RNA,1.0,0,1,0.0,0.4720616570327553,0.0303030303030303,,,,
UBASH3B,UBASH3B,Messenger RNA,0.0,0,1,0.0,0.4720616570327553,0.0303030303030303,,,,
CSNK1A1,CSNK1A1,Messenger RNA,0.0,0,1,0.0005034025508208,0.5051546391752577,0.0606060606060606,1.0,,,
AKAP12,AKAP12,Messenger RNA,1.0,0,1,0.0,0.4909819639278557,0.0303030303030303,,,,
FBXO28,FBXO28,Messenger RNA,0.0,0,1,0.0,0.4909819639278557,0.0303030303030303,,,,
NF1,NF1,Messenger RNA,0.0,0,1,0.0006097299704811,0.5051546391752577,0.0606060606060606,1.0,,,
MTPN,MTPN,Messenger RNA,0.0,0,1,0.0,0.4648956356736243,0.0303030303030303,,,,
COL6A3,COL6A3,Messenger RNA,0.0,0,1,0.0009378905177055,0.5136268343815513,0.0909090909090909,1.0,,,
FNDC3B,FNDC3B,Messenger RNA,0.0,0,1,0.0,0.4528650646950092,0.0303030303030303,,,,
PDGFRA,PDGFRA,Messenger RNA,0.0,0,1,0.0,0.4528650646950092,0.0303030303030303,,,,
TBX18,TBX18,Messenger RNA,0.0,0,1,0.0,0.4528650646950092,0.0303030303030303,,,,
PRELID2,PRELID2,Messenger RNA,0.0,0,1,0.0030539178252318,0.5201698513800425,0.0909090909090909,0.6666666666666666,,,
DCUN1D3,DCUN1D3,Messenger RNA,0.0,0,1,0.0,0.4528650646950092,0.0303030303030303,,,,
BCORL1,BCORL1,Messenger RNA,1.0,0,1,0.0,0.4528650646950092,0.0303030303030303,,,,
GRAP2,GRAP2,Messenger RNA,0.0,0,1,0.0,0.4528650646950092,0.0303030303030303,,,,
KLF12,KLF12,Messenger RNA,0.0,0,1,0.0,0.4832347140039448,0.0303030303030303,,,,
RAP2B,RAP2B,Messenger RNA,0.0,0,1,0.0,0.4832347140039448,0.0303030303030303,,,,
SEMA6D,SEMA6D,Messenger RNA,0.0,0,1,0.0,0.4832347140039448,0.0303030303030303,,,,
SRGAP1,SRGAP1,Messenger RNA,0.0,0,1,0.0,0.4851485148514851,0.0303030303030303,,,,
PDE12,PDE12,Messenger RNA,0.0,0,1,0.0,0.4890219560878243,0.0303030303030303,,,,
FTO,FTO,Messenger RNA,0.0,0,1,0.0,0.4648956356736243,0.0303030303030303,,,,
MMP2,MMP2,Messenger RNA,0.0,0,1,0.0,0.4720616570327553,0.0303030303030303,,,,
VEZF1,VEZF1,Messenger RNA,0.0,0,1,0.0,0.4173764906303236,0.0303030303030303,,,,
FLNC,FLNC,Messenger RNA,0.0,0,1,0.0003686223592318,0.4969574036511156,0.0606060606060606,1.0,,,
BCL3,BCL3,Messenger RNA,1.0,0,1,0.0,0.4832347140039448,0.0303030303030303,,,,
PTPN14,PTPN14,Messenger RNA,3.0,0,1,0.0019511780933125,0.5093555093555093,0.0606060606060606,1.0,,,
FRK,FRK,Messenger RNA,1.0,0,1,0.0,0.4702495201535508,0.0303030303030303,,,,
SPIN1,SPIN1,Messenger RNA,0.0,0,1,0.0,0.4702495201535508,0.0303030303030303,,,,
CAMKK2,CAMKK2,Messenger RNA,1.0,0,1,0.0,0.4702495201535508,0.0303030303030303,,,,
ZSWIM4,ZSWIM4,Messenger RNA,0.0,0,1,0.0,0.4702495201535508,0.0303030303030303,,,,
CCNJL,CCNJL,Messenger RNA,0.0,0,1,0.0,0.4702495201535508,0.0303030303030303,,,,
RILPL1,RILPL1,Messenger RNA,0.0,0,1,0.0,0.4702495201535508,0.0303030303030303,,,,
CREB1,CREB1,Messenger RNA,0.0,0,1,0.0,0.4702495201535508,0.0303030303030303,,,,
RIC1,RIC1,Messenger RNA,0.0,0,1,0.0,0.4702495201535508,0.0303030303030303,,,,
RND3,RND3,Messenger RNA,0.0,0,1,0.0,0.4794520547945205,0.0303030303030303,,,,
SENP5,SENP5,Messenger RNA,0.0,0,1,0.0,0.4794520547945205,0.0303030303030303,,,,
TMTC3,TMTC3,Messenger RNA,3.0,0,1,0.0,0.4720616570327553,0.0303030303030303,,,,
AFF3,AFF3,Messenger RNA,1.0,0,1,0.0,0.4720616570327553,0.0303030303030303,,,,
ABHD5,ABHD5,Messenger RNA,0.0,0,1,0.0,0.481335952848723,0.0303030303030303,,,,
STRADB,STRADB,Messenger RNA,0.0,0,1,0.0,0.481335952848723,0.0303030303030303,,,,
ATXN1,ATXN1,Messenger RNA,1.0,0,1,0.0,0.4666666666666667,0.0303030303030303,,,,
TBX15,TBX15,Messenger RNA,0.0,0,1,0.0,0.4666666666666667,0.0303030303030303,,,,
KCNJ2,KCNJ2,Messenger RNA,0.0,0,1,0.0,0.4666666666666667,0.0303030303030303,,,,
KEGG:05200,Pathways in cancer,Pathway,0.0,0,1,0.1790100753317077,0.5463258785942492,0.3364485981308411,0.5746031746031746,,,
KEGG:01521,EGFR tyrosine kinase inhibitor resistance,Pathway,0.0,0,1,0.0388164016294253,0.4763231197771588,0.1214953271028037,0.7051282051282052,,,
KEGG:04010,MAPK signaling pathway,Pathway,0.0,0,1,0.104584544280392,0.5074183976261127,0.2242990654205607,0.5253623188405797,,,
KEGG:04151,PI3K-Akt signaling pathway,Pathway,0.0,0,1,0.0713024782351786,0.5104477611940299,0.233644859813084,0.7833333333333333,,,
KEGG:04510,Focal adhesion,Pathway,0.0,0,1,0.0458939307366006,0.4844192634560906,0.1495327102803738,0.7333333333333333,,,
KEGG:05215,Prostate cancer,Pathway,0.0,0,1,0.0235699782895916,0.4488188976377952,0.0934579439252336,0.7333333333333333,,,
KEGG:05205,Proteoglycans in cancer,Pathway,5.0,0,1,0.0386618324400408,0.4816901408450704,0.1401869158878504,0.7714285714285715,,,
KEGG:04550,Signaling pathways regulating pluripotency of stem cells,Pathway,0.0,0,1,0.093956275853344,0.4488188976377952,0.1121495327102803,0.1969696969696969,,,
KEGG:04150,mTOR signaling pathway,Pathway,4.0,0,1,0.0556374991893309,0.4736842105263157,0.1121495327102803,0.4393939393939394,,,
KEGG:05222,Small cell lung cancer,Pathway,0.0,0,1,0.0061888384581424,0.42643391521197,0.0841121495327102,1.0,,,
KEGG:04725,Cholinergic synapse,Pathway,0.0,0,1,0.0254985546987491,0.4395886889460154,0.0934579439252336,0.6888888888888889,,,
KEGG:05214,Glioma,Pathway,0.0,0,1,0.0064630925514977,0.4634146341463415,0.0747663551401869,1.0,,,
KEGG:04014,Ras signaling pathway,Pathway,0.0,0,1,0.0341252757491934,0.4816901408450704,0.1401869158878504,0.8571428571428571,,,
KEGG:04310,Wnt signaling pathway,Pathway,0.0,0,1,0.0907291934562737,0.4243176178660049,0.1121495327102803,0.1212121212121212,,,
KEGG:04218,Cellular senescence,Pathway,0.0,0,1,0.0498329353228317,0.4634146341463415,0.102803738317757,0.509090909090909,,,
KEGG:04380,Osteoclast differentiation,Pathway,5.0,0,1,0.0265436765660855,0.4659400544959128,0.0934579439252336,0.6444444444444445,,,
KEGG:05218,Melanoma,Pathway,0.0,0,1,0.004483996713777,0.4373401534526854,0.0654205607476635,1.0,,,
KEGG:05161,Hepatitis B,Pathway,0.0,0,1,0.0280742599558254,0.4710743801652892,0.102803738317757,0.7818181818181819,,,
KEGG:01522,Endocrine resistance,Pathway,0.0,0,1,0.0202942862422261,0.4395886889460154,0.0747663551401869,0.75,,,
KEGG:04722,Neurotrophin signaling pathway,Pathway,0.0,0,1,0.0242820416598145,0.4488188976377952,0.0841121495327102,0.6944444444444444,,,
KEGG:04713,Circadian entrainment,Pathway,0.0,0,1,0.0193802543097466,0.3808463251670378,0.0747663551401869,0.7142857142857143,,,
KEGG:04152,AMPK signaling pathway,Pathway,0.0,0,1,0.0387014501271261,0.4634146341463415,0.0841121495327102,0.4166666666666667,,,
KEGG:04144,Endocytosis,Pathway,0.0,0,1,0.1200885726700229,0.4464751958224543,0.1308411214953271,0.1208791208791208,,,
KEGG:05224,Breast cancer,Pathway,0.0,0,1,0.0134467214250635,0.4609164420485175,0.0934579439252336,0.9111111111111112,,,
KEGG:04926,Relaxin signaling pathway,Pathway,0.0,0,1,0.0095587935483055,0.4659400544959128,0.0841121495327102,0.9444444444444444,,,
KEGG:04012,ErbB signaling pathway,Pathway,0.0,0,1,0.0081125372520914,0.4243176178660049,0.0654205607476635,0.9047619047619048,,,
KEGG:04068,FoxO signaling pathway,Pathway,0.0,0,1,0.0332018828805413,0.4584450402144772,0.0841121495327102,0.5833333333333334,,,
KEGG:04630,JAK-STAT signaling pathway,Pathway,0.0,0,1,0.0185441287781469,0.4511873350923482,0.0934579439252336,0.8444444444444444,,,
KEGG:04720,Long-term potentiation,Pathway,0.0,0,1,0.0044195241119045,0.3630573248407643,0.0560747663551401,0.8666666666666667,,,
KEGG:05202,Transcriptional misregulation in cancer,Pathway,0.0,0,1,0.0463209705818769,0.4488188976377952,0.102803738317757,0.4727272727272727,,,
KEGG:04140,Autophagy - animal,Pathway,0.0,0,1,0.0466648823156695,0.4609164420485175,0.0934579439252336,0.4444444444444444,,,
KEGG:05225,Hepatocellular carcinoma,Pathway,0.0,0,1,0.0149503443688233,0.4684931506849315,0.0934579439252336,0.9333333333333332,,,
KEGG:04520,Adherens junction,Pathway,0.0,0,1,0.0459397743505769,0.4418604651162791,0.0654205607476635,0.2857142857142857,,,
