mirna,mrna,interaction_id,correlation,pvalue,qvalue
hsa-let-7c-5p,IGF1R,MIRT053087,-0.3884231245899248,0.0001005386781707,0.0282634852777692
hsa-let-7c-5p,EIF2S2,,-0.4169278996865203,2.945521309969676e-05,0.017574516929006
hsa-let-7d-5p,ITSN1,,-0.3783990668513523,0.0001508856761409,0.0335426878262683
hsa-let-7e-5p,CD86,,-0.3677735656484653,0.0002288062999996,0.0397456817075408
hsa-let-7e-5p,CD200R1,,-0.3724939855653568,0.0001905016745528,0.0373334046209324
hsa-let-7e-5p,P2RX1,,-0.3942735291973463,7.884911431636587e-05,0.0263397640851037
hsa-let-7e-5p,SLC5A6,MIRT501118,-0.4296128891156958,1.644446119893837e-05,0.0154349570908973
hsa-miR-17-5p,PRKACB,MIRT080176,-0.3760297441131442,0.0001657691214509,0.0355445258386116
hsa-miR-17-5p,ARHGEF3,,-0.4055916016621709,4.863862550165576e-05,0.0229173164571136
hsa-miR-17-5p,FYCO1,MIRT727628,-0.4045527447692643,5.088089515637631e-05,0.023274617474365
hsa-miR-17-5p,RASGRF2,,-0.37344171466064,0.0001835597847708,0.0372264668927649
hsa-miR-17-5p,AGFG2,MIRT169662,-0.3899540715899978,9.438557000937551e-05,0.0278601994941661
hsa-miR-18a-5p,ATXN1,,-0.3564008165050666,0.0003517794641367,0.0497990399984116
hsa-miR-18a-5p,PRKACB,,-0.3642560326602026,0.000261806041528,0.0422678153869326
hsa-miR-18a-5p,YPEL5,,-0.4239447401035211,2.1398527556336785e-05,0.0162520966731659
hsa-miR-18a-5p,ZBTB4,,-0.5322227892396295,5.6212266680839544e-08,0.0007714009356611
hsa-miR-18a-5p,ORAI3,MIRT050737,-0.5449442297878544,2.4209814225158497e-08,0.0004983469209177
hsa-miR-18a-5p,CREBL2,MIRT031360,-0.3703615951009695,0.0002070106749368,0.038330288179226
hsa-miR-19a-3p,DIPK1A,,-0.3934533790187358,8.160376347416885e-05,0.0264531129013232
hsa-miR-19a-3p,ZBTB4,MIRT054459,-0.4610337537362396,3.4973409843478108e-06,0.007646092988969
hsa-miR-19a-3p,SCN1B,,-0.3761026463512429,0.0001652917420712,0.0355445258386116
hsa-miR-19b-3p,DIPK1A,,-0.3621965444339141,0.0002830941600584,0.0443144618838243
hsa-miR-19b-3p,ZBTB4,MIRT031203,-0.4047896770430851,5.036122479823952e-05,0.023274617474365
hsa-miR-20a-5p,RASGRF2,,-0.3651126339578624,0.0002533913352095,0.0420996328533238
hsa-miR-20a-5p,PRKACB,MIRT080178,-0.3560909819931471,0.0003558476363199,0.0499295835532084
hsa-miR-20a-5p,FYCO1,MIRT440601,-0.386327185244587,0.0001095636882888,0.0293793243190466
hsa-miR-20a-5p,AGFG2,MIRT169663,-0.3822446599110592,0.0001293223065227,0.0309146163746189
hsa-miR-20a-5p,NTN4,MIRT732671,-0.4004884449952613,6.060607544255843e-05,0.0236560077517875
hsa-miR-20a-5p,ESR1,,-0.3915579208281693,8.831374497663501e-05,0.0268148587633861
hsa-miR-21-5p,NFIA,MIRT437773,-0.3745352482321207,0.0001758389452054,0.0367467692140332
hsa-miR-22-3p,FBXO46,,-0.4296675657942698,1.6402365880902662e-05,0.0154349570908973
hsa-miR-23a-3p,PKIA,,-0.3788182547204198,0.0001483841097774,0.0335426878262683
hsa-miR-23a-3p,RXRG,,-0.4672819420559933,2.523225527278692e-06,0.0068762154774573
hsa-miR-24-3p,SFXN5,,-0.4381424509732448,1.0965627901879145e-05,0.0154349570908973
hsa-miR-24-3p,KMT5C,,-0.4181672377341983,2.785308104397505e-05,0.0171146790074538
hsa-miR-24-3p,CAMK2B,,-0.4252498052178592,2.0148026981828065e-05,0.0159514254387476
hsa-miR-24-3p,SESN1,MIRT030465,-0.3685025880294524,0.0002224631255437,0.0393878459913633
hsa-miR-24-3p,SEMA4A,,-0.4326383319967922,1.4260559167688212e-05,0.0154349570908973
hsa-miR-24-3p,SSTR1,,-0.365246523106115,0.0002520987003825,0.0420996328533238
hsa-miR-25-3p,ATXN1,,-0.3585149814099292,0.0003251338971475,0.0481318730637614
hsa-miR-25-3p,JADE2,,-0.3995407158999781,6.310866542311122e-05,0.0236560077517875
hsa-miR-25-3p,ZNF597,,-0.419825763650944,2.58356954609238e-05,0.0164723122217592
hsa-miR-25-3p,KLF2,,-0.3592804549099657,0.000315950184454,0.0472994659774126
hsa-miR-25-3p,AXL,,-0.4299409491871399,1.6193393052824414e-05,0.0154349570908973
hsa-miR-25-3p,ADAM19,,-0.4268061529488954,1.8745848928681e-05,0.0154349570908973
hsa-miR-25-3p,ELFN2,,-0.3862525088909793,0.0001098986117013,0.0293793243190466
hsa-miR-25-3p,RORA,,-0.3857439673397972,0.0001122046416689,0.0296112364927445
hsa-miR-26b-5p,BFAR,,-0.3894984326018808,9.617950616571718e-05,0.0280823694279178
hsa-miR-26b-5p,DCBLD1,,-0.4453962236640665,7.702174509515791e-06,0.0121958008608559
hsa-miR-27a-3p,DPY19L3,MIRT028725,-0.4191331923890063,2.666098964976691e-05,0.016630398225625
hsa-miR-27a-3p,IGF1,MIRT006431,-0.3616605382981074,0.0002888884285042,0.0448220816916636
hsa-miR-29a-3p,NREP,,-0.4402019391995333,9.927258886528322e-06,0.0145962614678387
hsa-miR-33a-5p,RORB,,-0.3793467959466355,0.0001452843432431,0.0332774041463217
hsa-miR-33a-5p,RLIM,,-0.3698512794342786,0.0002111514132612,0.038330288179226
hsa-miR-33a-5p,NOVA1,,-0.3735146168987387,0.0001830355341271,0.0372264668927649
hsa-miR-33a-5p,NRIP1,,-0.36892177589852,0.0002188892001271,0.0393513077730773
hsa-miR-33a-5p,SYT11,,-0.35988189837428,0.0003089013547276,0.0466148936420739
hsa-miR-92a-3p,KLF2,MIRT006372,-0.4276809798060799,1.7998173223885756e-05,0.0154349570908973
hsa-miR-92a-3p,CHST1,MIRT760617,-0.3761208719107676,0.0001651725948,0.0355445258386116
hsa-miR-92a-3p,SERTAD3,MIRT049827,-0.4774367573084493,1.4638480023052767e-06,0.0050220965339088
hsa-miR-93-5p,LAMP5,,-0.3849420427207115,0.00011593183272,0.0298299851328203
hsa-miR-93-5p,CREBRF,MIRT028082,-0.4110228184005248,3.833511861333884e-05,0.0199774493442094
hsa-miR-93-5p,SLC46A3,,-0.3646387694102208,0.0002580151651308,0.0422678153869326
hsa-miR-93-5p,RPS6KA2,,-0.3702886928628708,0.0002075976130163,0.038330288179226
hsa-miR-93-5p,NTN4,,-0.3923598454472551,8.54150358586057e-05,0.0266397849338101
hsa-miR-93-5p,NCEH1,,-0.3742254137202012,0.0001779956617225,0.0368500369322823
hsa-miR-93-5p,STK17B,MIRT726426,-0.3998687759714222,6.223175711612393e-05,0.0236560077517875
hsa-miR-93-5p,RGS4,,-0.3902201202021634,9.335242086992794e-05,0.0278494624260439
hsa-miR-93-5p,SMIM14,,-0.3829372311729969,0.0001257546279071,0.0309146163746189
hsa-miR-93-5p,ESR1,,-0.4079426988408543,4.389806033435111e-05,0.0217739668181313
hsa-miR-93-5p,CCND2,,-0.4018189108405627,5.724761645060701e-05,0.0235682712165504
hsa-miR-93-5p,PURA,MIRT007003,-0.3992491069475832,6.389772739897981e-05,0.0236991490025999
hsa-miR-96-5p,TCF4,,-0.3614492964934023,0.0002912016082949,0.0449006704565403
hsa-miR-96-5p,DAB2,,-0.3981373478165779,6.699055032505336e-05,0.0241622823425213
hsa-miR-96-5p,CELF2,,-0.3820077276372384,0.0001305640681047,0.0309146163746189
hsa-miR-96-5p,CREBRF,,-0.3636545891958883,0.0002678662376818,0.0427852604276538
hsa-miR-96-5p,CCDC50,,-0.3886053801851716,9.9787235005446e-05,0.0282634852777692
hsa-miR-96-5p,KIAA0513,,-0.4209921994605234,2.449925813203144e-05,0.0162679025489935
hsa-miR-96-5p,PPM1F,,-0.3945286870306918,7.800980205427856e-05,0.0263397640851037
hsa-miR-96-5p,PAX5,,-0.3996154389459674,6.290792986018177e-05,0.0236560077517875
hsa-miR-96-5p,BACH2,,-0.3751731428154844,0.0001714740346005,0.0360174210738315
hsa-miR-96-5p,TNS1,,-0.3730606777243914,0.000186322382216,0.0373187691742094
hsa-miR-96-5p,TNS3,,-0.4035685645549318,5.309318306368725e-05,0.0235031532639671
hsa-miR-96-5p,ZEB1,MIRT054654,-0.3758474885178974,0.0001669681185403,0.0356161164361954
hsa-miR-96-5p,PTPRQ,,-0.3684808724584948,0.0002226497180038,0.0393878459913633
hsa-miR-96-5p,PRRG1,,-0.3736786469344608,0.0001818609931273,0.0372264668927649
hsa-miR-96-5p,LMOD1,,-0.3658052052198002,0.0002467697936365,0.0418341831224382
hsa-miR-96-5p,CCND2,MIRT053398,-0.4854377779397827,9.414215027425852e-07,0.0047123138537159
hsa-miR-96-5p,FOXO1,MIRT001087,-0.3844135014944959,0.0001184504228059,0.0302887295434734
hsa-miR-96-5p,MSN,,-0.4457060581759859,7.585462358678258e-06,0.0121958008608559
hsa-miR-96-5p,ASTN1,,-0.3644689479351225,0.0002596909439299,0.0422678153869326
hsa-miR-96-5p,MORF4L1,MIRT541183,-0.3850149449588102,0.0001155883408276,0.0298299851328203
hsa-miR-96-5p,C1orf198,,-0.3914850185900707,8.85817190560984e-05,0.0268148587633861
hsa-miR-96-5p,FCMR,,-0.4598673179266603,3.714490509348784e-06,0.007646092988969
hsa-miR-96-5p,ANTXR2,,-0.3975541299117882,6.866785771029181e-05,0.0241622823425213
hsa-miR-96-5p,CAMK4,,-0.3985383101261208,6.585947997912812e-05,0.0239944153208913
hsa-miR-96-5p,STK17B,MIRT622020,-0.4083801122694466,4.306485519659275e-05,0.0216211832144942
hsa-miR-96-5p,ARL4C,,-0.4527775752715607,5.331685145932447e-06,0.0095434845988214
hsa-miR-96-5p,TACC1,,-0.4297951447109426,1.6304534100879844e-05,0.0154349570908973
hsa-miR-96-5p,RAB27A,,-0.4956258657140774,5.278957588261233e-07,0.0044461137595778
hsa-miR-96-5p,TNFAIP8,,-0.367281475541299,0.0002331811849113,0.0403354462252739
hsa-miR-96-5p,ARHGAP24,,-0.3784355179704016,0.0001506666186861,0.0335426878262683
hsa-miR-96-5p,HAS2,,-0.4261500328060071,1.93254997116043e-05,0.0156002254436674
hsa-miR-96-5p,ZC3H12C,,-0.3710906174819566,0.0002012244453396,0.0381760792174525
hsa-miR-29b-3p,UNC13B,,-0.3569293577312823,0.0003449374854606,0.0491374786814155
hsa-miR-29b-3p,RHOBTB1,,-0.3821170809943864,0.0001299895894487,0.0309146163746189
hsa-miR-29b-3p,ABHD5,,-0.4234344244368302,2.190688344004611e-05,0.0162520966731659
hsa-miR-29b-3p,GPX7,,-0.3684479113508784,0.0002229332126181,0.0393878459913633
hsa-miR-29b-3p,FKBP14,,-0.3684843624699278,0.0002226197201808,0.0393878459913633
hsa-miR-29b-3p,NREP,MIRT048382,-0.479769628927608,1.2885375235857164e-06,0.0048225273916818
hsa-miR-106a-5p,ATXN1,MIRT549258,-0.3635270102792155,0.0002691681228779,0.0427852604276538
hsa-miR-106a-5p,ARHGEF3,,-0.3642742582197272,0.0002616243738931,0.0422678153869326
hsa-miR-106a-5p,DAZAP2,,-0.3765582853393598,0.0001623366325098,0.0355445258386116
hsa-miR-106a-5p,EFCAB14,MIRT562427,-0.3814245097324487,0.0001336676327639,0.031090185159649
hsa-miR-106a-5p,FNDC3A,,-0.3578041845884668,0.0003338792743406,0.0485313325993437
hsa-miR-106a-5p,RND3,MIRT734169,-0.3927425821972733,8.406277330681216e-05,0.0266213870328319
hsa-miR-106a-5p,CYBRD1,,-0.362761536779179,0.0002771017801003,0.0437390272390022
hsa-miR-106a-5p,SESN3,MIRT565702,-0.3636728147554129,0.000267680725185,0.0427852604276538
hsa-miR-106a-5p,ZNF385A,MIRT532925,-0.3627433112196544,0.0002772932572901,0.0437390272390022
hsa-miR-106a-5p,ZNFX1,MIRT519580,-0.4220310563534299,2.3363462842821344e-05,0.0162617586321059
hsa-miR-106a-5p,FYCO1,,-0.4347889480207041,1.287621014705917e-05,0.0154349570908973
hsa-miR-106a-5p,LRCH1,,-0.36101188306481,0.0002960453853565,0.0452956174831836
hsa-miR-106a-5p,AFF1,,-0.3884231245899248,0.0001005386781707,0.0282634852777692
hsa-miR-106a-5p,PRRG1,,-0.3702522417438215,0.0002078916540929,0.038330288179226
hsa-miR-106a-5p,RBL2,MIRT143571,-0.3635270102792155,0.0002691681228779,0.0427852604276538
hsa-miR-106a-5p,RASGRF2,,-0.4205912371509804,2.495122391573537e-05,0.0163050307521731
hsa-miR-106a-5p,JAK1,,-0.3671538966246263,0.0002343278575725,0.0403641990309773
hsa-miR-106a-5p,TMEM50B,,-0.3580228913027629,0.0003311657799019,0.0483466808254795
hsa-miR-106a-5p,ZNF25,,-0.4115695851862652,3.741884399656279e-05,0.0197499536986473
hsa-miR-106a-5p,NHLRC3,,-0.3841218925421009,0.0001198614779156,0.0304020109648551
hsa-miR-196a-5p,CELF2,,-0.3942917547568709,7.878888776949285e-05,0.0263397640851037
hsa-miR-196a-5p,DIAPH2,,-0.4040242035430487,5.2058122653242e-05,0.0233505801611295
hsa-miR-196a-5p,ICOS,,-0.4273001900067592,1.8320132797585575e-05,0.0154349570908973
hsa-miR-148a-3p,ARPP19,,-0.3643289348983013,0.0002610800630452,0.0422678153869326
hsa-miR-148a-3p,RTN4,,-0.4823029817015382,1.120660056738638e-06,0.0047123138537159
hsa-miR-148a-3p,MOSPD1,,-0.3680287234818108,0.0002265675752616,0.0396917468338089
hsa-miR-148a-3p,KLHL18,,-0.3859808996136181,0.0001111247557441,0.029515452059564
hsa-miR-148a-3p,SUGT1,,-0.3828643289348982,0.0001261258578458,0.0309146163746189
hsa-miR-148a-3p,SMARCD1,,-0.3939636946854268,7.98794977477813e-05,0.0263397640851037
hsa-miR-148a-3p,DYNLL2,MIRT025997,-0.3560363053145731,0.0003565699896297,0.0499295835532084
hsa-miR-148a-3p,RXRA,,-0.3939090180068527,8.006261670323926e-05,0.0263397640851037
hsa-miR-30d-5p,RNF122,MIRT726732,-0.3961325362688634,7.292040019577334e-05,0.0252273945853764
hsa-miR-182-5p,CYRIB,,-0.4057738572574177,4.825482205755589e-05,0.0229173164571136
hsa-miR-182-5p,ANKRD44,,-0.3683385579937303,0.0002238761194583,0.0393878459913633
hsa-miR-182-5p,IKZF1,,-0.4354086170445432,1.2501264356327049e-05,0.0154349570908973
hsa-miR-182-5p,PCNX1,,-0.3898629437923744,9.474186716177864e-05,0.0278601994941661
hsa-miR-182-5p,KIF19,,-0.4602682802362032,3.638456028312466e-06,0.007646092988969
hsa-miR-182-5p,RAB27A,,-0.5639899394911423,6.413165578396375e-09,0.000264023613697
hsa-miR-182-5p,PPM1F,,-0.445870088211708,7.524345990178637e-06,0.0121958008608559
hsa-miR-182-5p,PLEKHM1,,-0.3878763578041845,0.0001028244463961,0.0282634852777692
hsa-miR-182-5p,ANTXR2,,-0.4018189108405627,5.724761645060701e-05,0.0235682712165504
hsa-miR-182-5p,NMT1,,-0.3763578041845884,0.0001636308461978,0.0355445258386116
hsa-miR-182-5p,BCL11B,,-0.3717285120653203,0.000196283617408,0.0374909907565721
hsa-miR-182-5p,PDGFRA,,-0.3884048990304002,0.0001006141089273,0.0282634852777692
hsa-miR-182-5p,MEOX1,,-0.37005176058905,0.0002095157193991,0.038330288179226
hsa-miR-182-5p,FGF14,,-0.3698273112651851,0.0002113477474965,0.038330288179226
hsa-miR-182-5p,ASTN1,,-0.4104160022041284,3.9376392417535495e-05,0.0202635837429689
hsa-miR-182-5p,LRRC8C,,-0.4716045782605525,2.005509066007998e-06,0.006351138672191
hsa-miR-182-5p,HDAC9,,-0.3574761245170226,0.0003379875973349,0.0486524873939889
hsa-miR-205-5p,MYLK4,,-0.4024568054239265,5.569929824200731e-05,0.0235682712165504
hsa-miR-221-3p,ERBB3,,-0.4870416271779543,8.605347084293846e-07,0.0047123138537159
hsa-miR-221-3p,MIDN,MIRT024200,-0.4116242618648391,3.732834403284443e-05,0.0197499536986473
hsa-miR-221-3p,SBK1,,-0.4070314208646205,4.568215997523032e-05,0.022389152905003
hsa-miR-222-3p,ERBB3,,-0.4145585769483122,3.2759219331065214e-05,0.0184748534334332
hsa-miR-222-3p,TP53INP2,,-0.4229058832106145,2.244523808582822e-05,0.0162520966731659
hsa-miR-224-5p,LIMD1,,-0.3575308011955966,0.0003372996875224,0.0486524873939889
hsa-miR-224-5p,CDS2,,-0.3582233724575344,0.0003286961169466,0.0481569054753602
hsa-miR-224-5p,OPCML,,-0.357083297353762,0.0003429677005168,0.0490265182728394
hsa-miR-224-5p,MARCHF9,,-0.3995042647809287,6.32068025139456e-05,0.0236560077517875
hsa-miR-200b-3p,ETS1,MIRT003783,-0.3647116716483195,0.0002572988158231,0.0422678153869326
hsa-miR-200b-3p,ZNF423,,-0.3918495297805642,8.724931788559039e-05,0.0268148587633861
hsa-miR-200b-3p,BNC2,,-0.3824451410658306,0.0001282800894053,0.0309146163746189
hsa-miR-200b-3p,KSR1,,-0.3726944667201282,0.0001890134111897,0.0373334046209324
hsa-miR-200b-3p,NEGR1,,-0.3701428883866734,0.0002087760708248,0.038330288179226
hsa-miR-200b-3p,RUNX1T1,,-0.3879965918088673,0.0001023177328156,0.0282634852777692
hsa-miR-200b-3p,WIPF1,,-0.4284100021870671,1.739645055275435e-05,0.0154349570908973
hsa-miR-200b-3p,RND3,MIRT006511,-0.4311073849967193,1.5329375761260044e-05,0.0154349570908973
hsa-miR-200b-3p,FLI1,,-0.4039695268644747,5.2181334859334015e-05,0.0233505801611295
hsa-miR-200b-3p,PDE7B,,-0.429430633520449,1.6585507945076064e-05,0.0154349570908973
hsa-miR-200b-3p,ITM2B,,-0.3951119049354815,7.612228907270483e-05,0.0261156543236182
hsa-miR-200b-3p,KCND3,,-0.3585696580885033,0.000324469919571,0.0481318730637614
hsa-miR-200b-3p,FSTL1,,-0.388076838958956,0.0001019808224999,0.0282634852777692
hsa-miR-200b-3p,ZEB1,MIRT002483,-0.3783443901727782,0.0001512148115975,0.0335426878262683
hsa-miR-200b-3p,PLCXD3,,-0.4009264249242841,5.9480864785006097e-05,0.0236560077517875
hsa-let-7g-5p,FAM104A,MIRT574784,-0.4286287089013632,1.7219625606466654e-05,0.0154349570908973
hsa-let-7g-5p,ACER3,,-0.3650032806007144,0.0002544515878788,0.0420996328533238
hsa-miR-15b-5p,CERT1,,-0.4117700663410366,3.708800363881535e-05,0.0197499536986473
hsa-miR-15b-5p,FOXO1,MIRT052909,-0.4213567106510169,2.409500538168189e-05,0.0162617586321059
hsa-miR-15b-5p,FGF1,,-0.3869104031493766,0.0001069801539977,0.0289754339469271
hsa-miR-15b-5p,FOSL2,,-0.4021105197929575,5.653493276510581e-05,0.0235682712165504
hsa-miR-30b-5p,SMARCD2,,-0.3609207552671866,0.0002970637304879,0.0452956174831836
hsa-miR-30b-5p,COPS7B,MIRT023407,-0.4671393161770065,2.5422816302782307e-06,0.0068762154774573
hsa-miR-30b-5p,PACRGL,,-0.3572027411241524,0.0003414463992749,0.0489791178109726
hsa-miR-30b-5p,ABCB7,,-0.4165816140555514,2.9917950294835815e-05,0.0175956013669727
hsa-miR-30b-5p,SLC38A1,,-0.3617773565648465,0.0002876164501751,0.0448220816916636
hsa-miR-30b-5p,TIA1,,-0.3699788583509513,0.0002101091677855,0.038330288179226
hsa-miR-30b-5p,SFXN1,MIRT096081,-0.3819895020777137,0.0001306600415162,0.0309146163746189
hsa-miR-30b-5p,RAP2B,,-0.380276299482394,0.0001399771406662,0.0323748253038737
hsa-miR-30b-5p,ITSN1,,-0.3615951009695997,0.0002896031900211,0.0448220816916636
hsa-miR-30b-5p,B4GALT5,MIRT568345,-0.3563643653860173,0.0003522558596748,0.0497990399984116
hsa-miR-30b-5p,DHX36,,-0.3558540497193263,0.0003589875083618,0.0499295835532084
hsa-miR-30b-5p,PHF6,,-0.3725122111248815,0.000190365934739,0.0373334046209324
hsa-miR-30b-5p,SLC35B4,,-0.3698330538747539,0.0002113006919103,0.038330288179226
hsa-miR-30b-5p,MAP4K4,,-0.3752642706131078,0.0001708586671511,0.0360174210738315
hsa-miR-125b-5p,RAB3IP,,-0.3928337099948968,8.374373459941822e-05,0.0266213870328319
hsa-miR-125b-5p,KIF18B,,-0.4287745133775607,1.710267515451548e-05,0.0154349570908973
hsa-miR-125b-5p,DNAL4,,-0.3562914631479185,0.0003532104175359,0.0497990399984116
hsa-miR-125b-5p,TOMM40,,-0.4325472041991689,1.4322179586959693e-05,0.0154349570908973
hsa-miR-128-3p,RAB27A,,-0.3695961216009331,0.0002132501417901,0.0385056802077146
hsa-miR-128-3p,IGF1,MIRT733519,-0.3721220571321394,0.0001932911914839,0.0373334046209324
hsa-miR-128-3p,PCDH9,,-0.3624152511482102,0.0002807606089875,0.0441169217992635
hsa-miR-141-3p,FOXP1,,-0.3720201210177152,0.0001940622455944,0.0373334046209324
hsa-miR-141-3p,ANKRD44,,-0.397791062185609,6.798182016311144e-05,0.0241622823425213
hsa-miR-141-3p,WIPF1,,-0.3726762411606036,0.0001891482654981,0.0373334046209324
hsa-miR-141-3p,PLXNA4,,-0.36553182182693,0.0002493643960417,0.0420741099206645
hsa-miR-141-3p,YPEL5,,-0.3583327258146825,0.0003273561285883,0.0481318730637614
hsa-miR-141-3p,TOM1L2,,-0.4546001312240285,4.862356728793473e-06,0.0090990165530772
hsa-miR-141-3p,SYNPO2,,-0.3723299555296346,0.0001917273368833,0.0373334046209324
hsa-miR-191-5p,IFFO2,,-0.4196799591747466,2.600743992844977e-05,0.0164723122217592
hsa-miR-146a-5p,KCTD15,MIRT081894,-0.3789276080775679,0.0001477378312205,0.0335426878262683
hsa-miR-150-5p,SH3BP5L,,-0.3598636728147553,0.0003091128267455,0.0466148936420739
hsa-miR-150-5p,TMEM134,MIRT644530,-0.4243274768535394,2.1024496441514505e-05,0.0162520966731659
hsa-miR-194-5p,MAP2,,-0.3855434861850258,0.0001131259385727,0.0296642150643376
hsa-miR-195-5p,DCUN1D5,,-0.3651673106364365,0.000252862727081,0.0420996328533238
hsa-miR-200c-3p,BNC2,,-0.402711963257272,5.509090556145728e-05,0.0235682712165504
hsa-miR-200c-3p,PRDM16,,-0.398975723554713,6.464575682174865e-05,0.0237625103803086
hsa-miR-200c-3p,ARHGEF3,,-0.3963147918641101,7.236191222136875e-05,0.0252273945853764
hsa-miR-200c-3p,MAF,,-0.4219946052343806,2.3402470889281324e-05,0.0162617586321059
hsa-miR-200c-3p,FSTL1,,-0.3838667347087555,0.0001211088391322,0.0304020109648551
hsa-miR-200c-3p,FAM241A,,-0.3736239702558868,0.0001822517355569,0.0372264668927649
hsa-miR-200c-3p,ZEB1,MIRT002286,-0.4001057082452431,6.160546456344003e-05,0.0236560077517875
hsa-miR-155-5p,GNAS,MIRT020904,-0.4268243785084201,1.8729981332248965e-05,0.0154349570908973
hsa-miR-106b-5p,TACC1,,-0.4142487424363927,3.3215888153653574e-05,0.018479255397267
hsa-miR-106b-5p,TNS1,,-0.4028322648592193,5.480620201307712e-05,0.0235682712165504
hsa-miR-106b-5p,ZNF597,MIRT439194,-0.4120069986148574,3.670051367864967e-05,0.0197499536986473
hsa-miR-106b-5p,SMIM14,,-0.4819202449515199,1.1446267467550814e-06,0.0047123138537159
hsa-miR-106b-5p,SYTL4,,-0.4297404680323686,1.634639515656165e-05,0.0154349570908973
hsa-miR-106b-5p,DAZAP2,,-0.3793103448275861,0.0001454961924345,0.0332774041463217
hsa-miR-106b-5p,KLF3,MIRT093805,-0.4661915870817233,2.672385718363744e-06,0.0068762154774573
hsa-miR-106b-5p,HEG1,,-0.4287562878180359,1.7117253338114005e-05,0.0154349570908973
hsa-miR-106b-5p,NCEH1,,-0.3878399066851352,0.0001029785224723,0.0282634852777692
hsa-miR-106b-5p,HIVEP3,,-0.3765218342203105,0.00016257124199,0.0355445258386116
hsa-miR-106b-5p,PLEKHO2,MIRT140642,-0.3814974119705475,0.0001332760071603,0.031090185159649
hsa-miR-106b-5p,TRIM8,MIRT125727,-0.4334584821754027,1.3717006674357387e-05,0.0154349570908973
hsa-miR-106b-5p,CAMTA2,,-0.3577312823503681,0.0003347882741434,0.0485313325993437
hsa-miR-106b-5p,LASP1,MIRT145601,-0.3880403878399066,0.000102133732128,0.0282634852777692
hsa-miR-106b-5p,RASGRF2,,-0.4574615440694028,4.202956977186095e-06,0.0082395969425606
hsa-miR-106b-5p,RORB,,-0.4054275716264489,4.89864667158784e-05,0.0229173164571136
hsa-miR-106b-5p,CCND2,MIRT005862,-0.3600459284100021,0.0003070040472903,0.0466148936420739
hsa-miR-106b-5p,TLR4,,-0.3937449879711307,8.061430383839947e-05,0.0263397640851037
hsa-miR-106b-5p,SCN2B,,-0.3917630385557475,8.756378439065117e-05,0.0268148587633861
hsa-miR-106b-5p,ESR1,,-0.4228512065320405,2.2501627690020685e-05,0.0162520966731659
hsa-miR-106b-5p,SALL1,,-0.3742071881606765,0.0001781232808551,0.0368500369322823
hsa-miR-106b-5p,ATXN1,MIRT441140,-0.494514106583072,5.628067826572836e-07,0.0044461137595778
hsa-miR-106b-5p,NEK9,,-0.3730043012320477,0.0001867343498721,0.0373187691742094
hsa-miR-106b-5p,TADA2B,MIRT439490,-0.39039148501859,9.26924966517584e-05,0.0278494624260439
hsa-miR-106b-5p,PDE1B,,-0.3649850550411897,0.0002546286910169,0.0420996328533238
hsa-miR-106b-5p,BNC2,,-0.4171101552817671,2.9214349237458904e-05,0.017574516929006
hsa-miR-106b-5p,RPS6KA2,,-0.3975723554713129,6.861485906408452e-05,0.0241622823425213
hsa-miR-106b-5p,ZFPM2,,-0.4146132536268863,3.2679239028206526e-05,0.0184748534334332
hsa-miR-106b-5p,FBXO39,,-0.3657886463397594,0.0002469262430166,0.0418341831224382
hsa-miR-106b-5p,IL6ST,,-0.3678282423270393,0.0002283248736914,0.0397456817075408
hsa-miR-106b-5p,KIAA0513,MIRT075778,-0.4009805351024276,5.934320147262663e-05,0.0236560077517875
hsa-miR-106b-5p,PCDHA6,,-0.3707350994660597,0.0002040273851803,0.038330288179226
hsa-miR-106b-5p,ZNFX1,MIRT439176,-0.4920536560472406,6.479798527403437e-07,0.0044461137595778
hsa-miR-106b-5p,PRRX1,MIRT732202,-0.3839943136254282,0.0001204836712392,0.0304020109648551
hsa-miR-106b-5p,LRCH1,,-0.3583691769337318,0.0003269105756946,0.0481318730637614
hsa-miR-106b-5p,CORO2B,,-0.3597178683385579,0.0003108093714524,0.0466996752311234
hsa-miR-106b-5p,CXCL14,,-0.3822446599110592,0.0001293223065227,0.0309146163746189
hsa-miR-106b-5p,PURA,MIRT007004,-0.3730954290296711,0.000186068855121,0.0373187691742094
hsa-miR-106b-5p,TGFBR2,MIRT091689,-0.3559087263979004,0.0003582606870901,0.0499295835532084
hsa-miR-106b-5p,MMP2,MIRT438153,-0.4416599839615076,9.248533486472909e-06,0.0141019583372075
hsa-miR-200a-3p,ST3GAL5,,-0.3925238754829773,8.483305298524444e-05,0.0266397849338101
hsa-miR-200a-3p,PAPLN,,-0.4215936429248377,2.383558076426136e-05,0.0162617586321059
hsa-miR-200a-3p,TRHDE,,-0.4023637861550623,5.592263519401314e-05,0.0235682712165504
hsa-miR-130b-3p,ESR1,MIRT502518,-0.3818254720419916,0.0001315267299425,0.0309418511143108
hsa-miR-151a-3p,PKIA,,-0.3782897134942042,0.0001515446072454,0.0335426878262683
hsa-miR-135b-5p,ABAT,,-0.382991907851571,0.0001254768661869,0.0309146163746189
hsa-miR-135b-5p,C6orf120,,-0.4095829991980753,4.084859837327784e-05,0.0207616783509811
hsa-miR-335-5p,GAN,,-0.3872784435230328,0.0001053788484682,0.0287307404807294
hsa-miR-424-5p,PLEKHA5,,-0.3720930232558139,0.0001935105195138,0.0373334046209324
hsa-miR-429,TCF4,,-0.3851242983159583,0.0001150748614067,0.0298299851328203
hsa-miR-429,PLXNA4,,-0.4629474374863307,3.1667137685557744e-06,0.007646092988969
hsa-miR-429,NEK10,,-0.3664174310083554,0.0002410487738619,0.0413489040463461
hsa-miR-429,ITM2B,,-0.3825727199825035,0.0001276208935122,0.0309146163746189
hsa-miR-429,CHRDL1,,-0.4301961070204855,1.600059528833199e-05,0.0154349570908973
hsa-miR-429,SCN8A,,-0.3590194559769977,0.0003190545274407,0.0475911443485866
hsa-miR-429,KCND3,,-0.4056098272216957,4.860011817300174e-05,0.0229173164571136
hsa-miR-452-5p,ZKSCAN1,,-0.4162353284245826,3.038744014365872e-05,0.0176200073700603
hsa-miR-193b-3p,ARHGAP19,MIRT016589,-0.3716738353867463,0.0001967027132896,0.0374909907565721
hsa-miR-497-5p,GDI2,,-0.3660603630531456,0.0002443704940902,0.0417447671004172
hsa-miR-497-5p,HMGA1,,-0.3929977400306189,8.317228228424486e-05,0.0266213870328319
hsa-miR-497-5p,EIF3M,,-0.4012174673762484,5.874388235967729e-05,0.0236560077517875
hsa-miR-33b-5p,TARDBP,,-0.4001148444283058,6.158143177643205e-05,0.0236560077517875
hsa-miR-330-5p,NGFR,,-0.3755012028869285,0.0001692681950275,0.035920630521088
hsa-miR-378c,HSPA12A,,-0.3611576875410074,0.0002944226694827,0.0452279361191666
