id,label,type,module_id,connected_component_id,is_in_largest_component,degree,betweenness_centrality,closeness_centrality,degree_centrality,redundancy_coefficient
hsa-miR-182-5p,hsa-miR-182-5p,MicroRNA,1.0,0,1,17,0.15613291795932827,0.2598639455782313,0.11409395973154363,0.04411764705882353
hsa-miR-18a-5p,hsa-miR-18a-5p,MicroRNA,1.0,0,1,6,0.10765028592896422,0.2821270310192024,0.040268456375838924,0.0
hsa-miR-96-5p,hsa-miR-96-5p,MicroRNA,1.0,0,1,32,0.497521689427475,0.37524557956778,0.21476510067114093,0.03024193548387097
hsa-miR-106b-5p,hsa-miR-106b-5p,MicroRNA,1.0,0,1,40,0.49127514519554505,0.3843058350100604,0.2684563758389262,0.04230769230769231
hsa-miR-221-3p,hsa-miR-221-3p,MicroRNA,1.0,5,0,3,,,,
hsa-miR-148a-3p,hsa-miR-148a-3p,MicroRNA,1.0,2,0,8,,,,
hsa-miR-29b-3p,hsa-miR-29b-3p,MicroRNA,1.0,3,0,6,,,,
hsa-miR-92a-3p,hsa-miR-92a-3p,MicroRNA,1.0,0,1,3,0.0234941438929169,0.18035882908404155,0.020134228187919462,0.0
hsa-miR-23a-3p,hsa-miR-23a-3p,MicroRNA,1.0,9,0,2,,,,
hsa-miR-30b-5p,hsa-miR-30b-5p,MicroRNA,1.0,1,0,14,,,,
hsa-miR-429,hsa-miR-429,MicroRNA,1.0,0,1,7,0.04953090935052949,0.25298013245033113,0.04697986577181208,0.047619047619047616
hsa-miR-19a-3p,hsa-miR-19a-3p,MicroRNA,1.0,0,1,3,0.017603179029559397,0.19042871385842472,0.020134228187919462,0.3333333333333333
hsa-miR-141-3p,hsa-miR-141-3p,MicroRNA,1.0,0,1,7,0.06744255221562753,0.2516469038208169,0.04697986577181208,0.0
hsa-miR-26b-5p,hsa-miR-26b-5p,MicroRNA,1.0,12,0,2,,,,
hsa-miR-29a-3p,hsa-miR-29a-3p,MicroRNA,1.0,3,0,1,,,,
hsa-miR-24-3p,hsa-miR-24-3p,MicroRNA,1.0,4,0,6,,,,
hsa-miR-106a-5p,hsa-miR-106a-5p,MicroRNA,1.0,0,1,20,0.18282683180835502,0.34290843806104127,0.1342281879194631,0.06842105263157895
hsa-miR-125b-5p,hsa-miR-125b-5p,MicroRNA,1.0,6,0,4,,,,
hsa-miR-200b-3p,hsa-miR-200b-3p,MicroRNA,1.0,0,1,15,0.15207743508081092,0.3220910623946037,0.10067114093959731,0.0380952380952381
hsa-miR-25-3p,hsa-miR-25-3p,MicroRNA,1.0,0,1,8,0.10374902706897374,0.2612859097127223,0.053691275167785234,0.03571428571428571
hsa-miR-22-3p,hsa-miR-22-3p,MicroRNA,1.0,17,0,1,,,,
hsa-let-7e-5p,hsa-let-7e-5p,MicroRNA,1.0,7,0,4,,,,
hsa-let-7g-5p,hsa-let-7g-5p,MicroRNA,1.0,13,0,2,,,,
hsa-miR-196a-5p,hsa-miR-196a-5p,MicroRNA,1.0,0,1,3,0.0234941438929169,0.22819593787335724,0.020134228187919462,0.0
hsa-miR-155-5p,hsa-miR-155-5p,MicroRNA,1.0,18,0,1,,,,
hsa-miR-150-5p,hsa-miR-150-5p,MicroRNA,1.0,14,0,2,,,,
hsa-miR-222-3p,hsa-miR-222-3p,MicroRNA,1.0,5,0,2,,,,
hsa-miR-200c-3p,hsa-miR-200c-3p,MicroRNA,1.0,0,1,7,0.047338029244956635,0.3056,0.04697986577181208,0.14285714285714285
hsa-miR-200a-3p,hsa-miR-200a-3p,MicroRNA,1.0,10,0,3,,,,
hsa-miR-15b-5p,hsa-miR-15b-5p,MicroRNA,1.0,0,1,4,0.03513664249860569,0.22929171668667467,0.026845637583892617,0.0
hsa-miR-191-5p,hsa-miR-191-5p,MicroRNA,1.0,19,0,1,,,,
hsa-miR-27a-3p,hsa-miR-27a-3p,MicroRNA,1.0,0,1,2,0.011781929726715002,0.170080142475512,0.013422818791946308,0.0
hsa-let-7c-5p,hsa-let-7c-5p,MicroRNA,0.0,15,0,2,,,,
hsa-miR-452-5p,hsa-miR-452-5p,MicroRNA,1.0,20,0,1,,,,
hsa-miR-93-5p,hsa-miR-93-5p,MicroRNA,1.0,0,1,12,0.06309120120855873,0.2838038632986627,0.08053691275167785,0.2878787878787879
hsa-miR-135b-5p,hsa-miR-135b-5p,MicroRNA,1.0,16,0,2,,,,
hsa-miR-17-5p,hsa-miR-17-5p,MicroRNA,1.0,0,1,5,0.011150153803776364,0.2570659488559892,0.03355704697986577,0.8
hsa-miR-19b-3p,hsa-miR-19b-3p,MicroRNA,1.0,0,1,2,0.005821249302844395,0.1900497512437811,0.013422818791946308,1.0
hsa-miR-205-5p,hsa-miR-205-5p,MicroRNA,1.0,21,0,1,,,,
hsa-miR-497-5p,hsa-miR-497-5p,MicroRNA,1.0,11,0,3,,,,
hsa-miR-20a-5p,hsa-miR-20a-5p,MicroRNA,1.0,0,1,6,0.01960032477458351,0.2584573748308525,0.040268456375838924,0.5333333333333333
hsa-miR-33b-5p,hsa-miR-33b-5p,MicroRNA,1.0,22,0,1,,,,
hsa-miR-224-5p,hsa-miR-224-5p,MicroRNA,1.0,8,0,4,,,,
hsa-miR-30d-5p,hsa-miR-30d-5p,MicroRNA,1.0,23,0,1,,,,
hsa-miR-335-5p,hsa-miR-335-5p,MicroRNA,1.0,24,0,1,,,,
hsa-miR-194-5p,hsa-miR-194-5p,MicroRNA,1.0,25,0,1,,,,
hsa-miR-130b-3p,hsa-miR-130b-3p,MicroRNA,1.0,0,1,1,0.0,0.23551171393341552,0.006711409395973154,
hsa-miR-33a-5p,hsa-miR-33a-5p,MicroRNA,1.0,0,1,5,0.04670942554378137,0.23378212974296206,0.03355704697986577,0.0
hsa-miR-146a-5p,hsa-miR-146a-5p,MicroRNA,1.0,26,0,1,,,,
hsa-let-7d-5p,hsa-let-7d-5p,MicroRNA,1.0,1,0,1,,,,
hsa-miR-151a-3p,hsa-miR-151a-3p,MicroRNA,1.0,9,0,1,,,,
hsa-miR-330-5p,hsa-miR-330-5p,MicroRNA,1.0,27,0,1,,,,
hsa-miR-21-5p,hsa-miR-21-5p,MicroRNA,1.0,28,0,1,,,,
hsa-miR-128-3p,hsa-miR-128-3p,MicroRNA,1.0,0,1,3,0.046500278862242055,0.24146649810366624,0.020134228187919462,0.0
hsa-miR-424-5p,hsa-miR-424-5p,MicroRNA,1.0,29,0,1,,,,
hsa-miR-193b-3p,hsa-miR-193b-3p,MicroRNA,1.0,30,0,1,,,,
hsa-miR-195-5p,hsa-miR-195-5p,MicroRNA,1.0,31,0,1,,,,
hsa-miR-378c,hsa-miR-378c,MicroRNA,1.0,32,0,1,,,,
RAB27A,RAB27A,Messenger RNA,0.0,0,1,3,0.09354596982943157,0.5047619047619047,0.13636363636363635,0.3333333333333333
ORAI3,ORAI3,Messenger RNA,0.0,0,1,1,0.0,0.375886524822695,0.045454545454545456,
ZBTB4,ZBTB4,Messenger RNA,0.0,0,1,3,0.04821985352766297,0.3794749403341289,0.13636363636363635,0.3333333333333333
ATXN1,ATXN1,Messenger RNA,0.0,0,1,4,0.1645376085859481,0.5463917525773195,0.18181818181818182,0.3333333333333333
ZNFX1,ZNFX1,Messenger RNA,0.0,0,1,2,0.009161848077350626,0.501577287066246,0.09090909090909091,1.0
ERBB3,ERBB3,Messenger RNA,1.0,5,0,2,,,,
CCND2,CCND2,Messenger RNA,0.0,0,1,3,0.07198712767759803,0.5932835820895522,0.13636363636363635,1.0
RTN4,RTN4,Messenger RNA,3.0,2,0,1,,,,
SMIM14,SMIM14,Messenger RNA,0.0,0,1,2,0.005117859025842201,0.48773006134969327,0.09090909090909091,1.0
NREP,NREP,Messenger RNA,0.0,3,0,2,,,,
SERTAD3,SERTAD3,Messenger RNA,0.0,0,1,1,0.0,0.25895765472312704,0.045454545454545456,
LRRC8C,LRRC8C,Messenger RNA,0.0,0,1,1,0.0,0.35176991150442477,0.045454545454545456,
RXRG,RXRG,Messenger RNA,0.0,9,0,1,,,,
COPS7B,COPS7B,Messenger RNA,0.0,1,0,1,,,,
KLF3,KLF3,Messenger RNA,0.0,0,1,1,0.0,0.4774774774774775,0.045454545454545456,
PLXNA4,PLXNA4,Messenger RNA,0.0,0,1,2,0.008743169820118316,0.3794749403341289,0.09090909090909091,0.0
KIF19,KIF19,Messenger RNA,0.0,0,1,1,0.0,0.35176991150442477,0.045454545454545456,
FCMR,FCMR,Messenger RNA,0.0,0,1,1,0.0,0.4690265486725664,0.045454545454545456,
RASGRF2,RASGRF2,Messenger RNA,0.0,0,1,4,0.030382196593746108,0.5096153846153846,0.18181818181818182,0.8333333333333334
TOM1L2,TOM1L2,Messenger RNA,0.0,0,1,1,0.0,0.3426724137931034,0.045454545454545456,
ARL4C,ARL4C,Messenger RNA,0.0,0,1,1,0.0,0.4690265486725664,0.045454545454545456,
PPM1F,PPM1F,Messenger RNA,0.0,0,1,2,0.03372434703195502,0.496875,0.09090909090909091,1.0
MSN,MSN,Messenger RNA,0.0,0,1,1,0.0,0.4690265486725664,0.045454545454545456,
DCBLD1,DCBLD1,Messenger RNA,0.0,12,0,1,,,,
MMP2,MMP2,Messenger RNA,0.0,0,1,1,0.0,0.4774774774774775,0.045454545454545456,
SFXN5,SFXN5,Messenger RNA,0.0,4,0,1,,,,
IKZF1,IKZF1,Messenger RNA,0.0,0,1,1,0.0,0.35176991150442477,0.045454545454545456,
FYCO1,FYCO1,Messenger RNA,0.0,0,1,3,0.0055037707942243,0.45170454545454547,0.13636363636363635,1.0
TRIM8,TRIM8,Messenger RNA,0.0,0,1,1,0.0,0.4774774774774775,0.045454545454545456,
SEMA4A,SEMA4A,Messenger RNA,0.0,4,0,1,,,,
TOMM40,TOMM40,Messenger RNA,0.0,6,0,1,,,,
RND3,RND3,Messenger RNA,0.0,0,1,2,0.028415228517823767,0.47041420118343197,0.09090909090909091,0.0
CHRDL1,CHRDL1,Messenger RNA,0.0,0,1,1,0.0,0.34415584415584416,0.045454545454545456,
AXL,AXL,Messenger RNA,0.0,0,1,1,0.0,0.35333333333333333,0.045454545454545456,
TACC1,TACC1,Messenger RNA,0.0,0,1,2,0.054296183556953426,0.5824175824175825,0.09090909090909091,1.0
SYTL4,SYTL4,Messenger RNA,0.0,0,1,1,0.0,0.4774774774774775,0.045454545454545456,
FBXO46,FBXO46,Messenger RNA,0.0,17,0,1,,,,
SLC5A6,SLC5A6,Messenger RNA,0.0,7,0,1,,,,
PDE7B,PDE7B,Messenger RNA,0.0,0,1,1,0.0,0.41732283464566927,0.045454545454545456,
KIF18B,KIF18B,Messenger RNA,0.0,6,0,1,,,,
HEG1,HEG1,Messenger RNA,0.0,0,1,1,0.0,0.4774774774774775,0.045454545454545456,
FAM104A,FAM104A,Messenger RNA,0.0,13,0,1,,,,
WIPF1,WIPF1,Messenger RNA,0.0,0,1,2,0.023090206746102862,0.45170454545454547,0.09090909090909091,0.0
KLF2,KLF2,Messenger RNA,0.0,0,1,2,0.03632804002610398,0.35570469798657717,0.09090909090909091,0.0
ICOS,ICOS,Messenger RNA,0.0,0,1,1,0.0,0.31610337972166996,0.045454545454545456,
GNAS,GNAS,Messenger RNA,0.0,18,0,1,,,,
ADAM19,ADAM19,Messenger RNA,0.0,0,1,1,0.0,0.35333333333333333,0.045454545454545456,
HAS2,HAS2,Messenger RNA,0.0,0,1,1,0.0,0.4690265486725664,0.045454545454545456,
CAMK2B,CAMK2B,Messenger RNA,0.0,4,0,1,,,,
TMEM134,TMEM134,Messenger RNA,0.0,14,0,1,,,,
YPEL5,YPEL5,Messenger RNA,0.0,0,1,2,0.0360776362279786,0.4228723404255319,0.09090909090909091,0.0
ABHD5,ABHD5,Messenger RNA,0.0,3,0,1,,,,
TP53INP2,TP53INP2,Messenger RNA,0.0,5,0,1,,,,
ESR1,ESR1,Messenger RNA,0.0,0,1,4,0.027425996459092754,0.4953271028037383,0.18181818181818182,0.5
MAF,MAF,Messenger RNA,0.0,0,1,1,0.0,0.4005037783375315,0.045454545454545456,
PAPLN,PAPLN,Messenger RNA,0.0,10,0,1,,,,
FOXO1,FOXO1,Messenger RNA,0.0,0,1,2,0.048147342469726635,0.4746268656716418,0.09090909090909091,0.0
KIAA0513,KIAA0513,Messenger RNA,0.0,0,1,2,0.054296183556953426,0.5824175824175825,0.09090909090909091,1.0
ZNF597,ZNF597,Messenger RNA,4.0,0,1,2,0.040199634906709344,0.49226006191950467,0.09090909090909091,1.0
IFFO2,IFFO2,Messenger RNA,0.0,19,0,1,,,,
DPY19L3,DPY19L3,Messenger RNA,0.0,0,1,1,0.0,0.24613003095975233,0.045454545454545456,
KMT5C,KMT5C,Messenger RNA,0.0,4,0,1,,,,
BNC2,BNC2,Messenger RNA,0.0,0,1,3,0.0836218223651413,0.5247524752475248,0.13636363636363635,0.3333333333333333
EIF2S2,EIF2S2,Messenger RNA,0.0,15,0,1,,,,
ABCB7,ABCB7,Messenger RNA,0.0,1,0,1,,,,
ZKSCAN1,ZKSCAN1,Messenger RNA,4.0,20,0,1,,,,
ZFPM2,ZFPM2,Messenger RNA,0.0,0,1,1,0.0,0.4774774774774775,0.045454545454545456,
CERT1,CERT1,Messenger RNA,0.0,0,1,1,0.0,0.31736526946107785,0.045454545454545456,
MIDN,MIDN,Messenger RNA,0.0,5,0,1,,,,
ZNF25,ZNF25,Messenger RNA,0.0,0,1,1,0.0,0.4380165289256198,0.045454545454545456,
CREBRF,CREBRF,Messenger RNA,0.0,0,1,2,0.012573085094802322,0.48923076923076925,0.09090909090909091,1.0
ASTN1,ASTN1,Messenger RNA,0.0,0,1,2,0.03372434703195502,0.496875,0.09090909090909091,1.0
C6orf120,C6orf120,Messenger RNA,0.0,16,0,1,,,,
STK17B,STK17B,Messenger RNA,0.0,0,1,2,0.012573085094802322,0.48923076923076925,0.09090909090909091,1.0
SBK1,SBK1,Messenger RNA,0.0,5,0,1,,,,
CYRIB,CYRIB,Messenger RNA,0.0,0,1,1,0.0,0.35176991150442477,0.045454545454545456,
KCND3,KCND3,Messenger RNA,0.0,0,1,2,0.0077966958738444805,0.424,0.09090909090909091,1.0
ARHGEF3,ARHGEF3,Messenger RNA,0.0,0,1,3,0.014344105367003585,0.45042492917847027,0.13636363636363635,0.3333333333333333
RORB,RORB,Messenger RNA,0.0,0,1,2,0.05982162279747662,0.4847560975609756,0.09090909090909091,0.0
DIAPH2,DIAPH2,Messenger RNA,0.0,0,1,1,0.0,0.31610337972166996,0.045454545454545456,
FLI1,FLI1,Messenger RNA,0.0,0,1,1,0.0,0.41732283464566927,0.045454545454545456,
TNS3,TNS3,Messenger RNA,0.0,0,1,1,0.0,0.4690265486725664,0.045454545454545456,
TNS1,TNS1,Messenger RNA,0.0,0,1,2,0.054296183556953426,0.5824175824175825,0.09090909090909091,1.0
MYLK4,MYLK4,Messenger RNA,0.0,21,0,1,,,,
TRHDE,TRHDE,Messenger RNA,0.0,10,0,1,,,,
FOSL2,FOSL2,Messenger RNA,0.0,0,1,1,0.0,0.31736526946107785,0.045454545454545456,
ANTXR2,ANTXR2,Messenger RNA,0.0,0,1,2,0.03372434703195502,0.496875,0.09090909090909091,1.0
EIF3M,EIF3M,Messenger RNA,1.0,11,0,1,,,,
PLCXD3,PLCXD3,Messenger RNA,0.0,0,1,1,0.0,0.41732283464566927,0.045454545454545456,
NTN4,NTN4,Messenger RNA,0.0,0,1,2,0.0034145726791456835,0.4097938144329897,0.09090909090909091,1.0
TARDBP,TARDBP,Messenger RNA,0.0,22,0,1,,,,
ZEB1,ZEB1,Messenger RNA,0.0,0,1,3,0.07208846951931164,0.5112540192926045,0.13636363636363635,0.3333333333333333
PAX5,PAX5,Messenger RNA,0.0,0,1,1,0.0,0.4690265486725664,0.045454545454545456,
JADE2,JADE2,Messenger RNA,0.0,0,1,1,0.0,0.35333333333333333,0.045454545454545456,
MARCHF9,MARCHF9,Messenger RNA,0.0,8,0,1,,,,
PURA,PURA,Messenger RNA,0.0,0,1,2,0.005117859025842201,0.48773006134969327,0.09090909090909091,1.0
PRDM16,PRDM16,Messenger RNA,0.0,0,1,1,0.0,0.4005037783375315,0.045454545454545456,
CAMK4,CAMK4,Messenger RNA,0.0,0,1,1,0.0,0.4690265486725664,0.045454545454545456,
DAB2,DAB2,Messenger RNA,0.0,0,1,1,0.0,0.4690265486725664,0.045454545454545456,
ANKRD44,ANKRD44,Messenger RNA,0.0,0,1,2,0.03083701423543851,0.3935643564356436,0.09090909090909091,0.0
RPS6KA2,RPS6KA2,Messenger RNA,0.0,0,1,2,0.005117859025842201,0.48773006134969327,0.09090909090909091,1.0
RNF122,RNF122,Messenger RNA,0.0,23,0,1,,,,
ITM2B,ITM2B,Messenger RNA,0.0,0,1,2,0.0077966958738444805,0.424,0.09090909090909091,1.0
CELF2,CELF2,Messenger RNA,0.0,0,1,2,0.03632804002610398,0.4732142857142857,0.09090909090909091,0.0
P2RX1,P2RX1,Messenger RNA,0.0,7,0,1,,,,
SMARCD1,SMARCD1,Messenger RNA,0.0,2,0,1,,,,
RXRA,RXRA,Messenger RNA,0.0,2,0,1,,,,
TLR4,TLR4,Messenger RNA,0.0,0,1,1,0.0,0.4774774774774775,0.045454545454545456,
DIPK1A,DIPK1A,Messenger RNA,0.0,0,1,2,7.251105793633529e-05,0.2717948717948718,0.09090909090909091,1.0
HMGA1,HMGA1,Messenger RNA,0.0,11,0,1,,,,
RAB3IP,RAB3IP,Messenger RNA,0.0,6,0,1,,,,
ST3GAL5,ST3GAL5,Messenger RNA,0.0,10,0,1,,,,
ZNF423,ZNF423,Messenger RNA,0.0,0,1,1,0.0,0.41732283464566927,0.045454545454545456,
SCN2B,SCN2B,Messenger RNA,0.0,0,1,1,0.0,0.4774774774774775,0.045454545454545456,
C1orf198,C1orf198,Messenger RNA,0.0,0,1,1,0.0,0.4690265486725664,0.045454545454545456,
TADA2B,TADA2B,Messenger RNA,0.0,0,1,1,0.0,0.4774774774774775,0.045454545454545456,
RGS4,RGS4,Messenger RNA,0.0,0,1,1,0.0,0.37767220902612825,0.045454545454545456,
AGFG2,AGFG2,Messenger RNA,0.0,0,1,2,0.0002292389706176191,0.35650224215246634,0.09090909090909091,1.0
PCNX1,PCNX1,Messenger RNA,0.0,0,1,1,0.0,0.35176991150442477,0.045454545454545456,
BFAR,BFAR,Messenger RNA,0.0,12,0,1,,,,
CCDC50,CCDC50,Messenger RNA,0.0,0,1,1,0.0,0.4690265486725664,0.045454545454545456,
IGF1R,IGF1R,Messenger RNA,0.0,15,0,1,,,,
AFF1,AFF1,Messenger RNA,0.0,0,1,1,0.0,0.4380165289256198,0.045454545454545456,
PDGFRA,PDGFRA,Messenger RNA,0.0,0,1,1,0.0,0.35176991150442477,0.045454545454545456,
FSTL1,FSTL1,Messenger RNA,0.0,0,1,2,0.002765026992902451,0.4262734584450402,0.09090909090909091,1.0
LASP1,LASP1,Messenger RNA,0.0,0,1,1,0.0,0.4774774774774775,0.045454545454545456,
RUNX1T1,RUNX1T1,Messenger RNA,0.0,0,1,1,0.0,0.41732283464566927,0.045454545454545456,
PLEKHM1,PLEKHM1,Messenger RNA,0.0,0,1,1,0.0,0.35176991150442477,0.045454545454545456,
NCEH1,NCEH1,Messenger RNA,0.0,0,1,2,0.005117859025842201,0.48773006134969327,0.09090909090909091,1.0
GAN,GAN,Messenger RNA,0.0,24,0,1,,,,
FGF1,FGF1,Messenger RNA,0.0,0,1,1,0.0,0.31736526946107785,0.045454545454545456,
ELFN2,ELFN2,Messenger RNA,1.0,0,1,1,0.0,0.35333333333333333,0.045454545454545456,
KLHL18,KLHL18,Messenger RNA,0.0,2,0,1,,,,
RORA,RORA,Messenger RNA,3.0,0,1,1,0.0,0.35333333333333333,0.045454545454545456,
MAP2,MAP2,Messenger RNA,0.0,25,0,1,,,,
TCF4,TCF4,Messenger RNA,0.0,0,1,2,0.03939083352100194,0.48623853211009177,0.09090909090909091,0.0
MORF4L1,MORF4L1,Messenger RNA,0.0,0,1,1,0.0,0.4690265486725664,0.045454545454545456,
LAMP5,LAMP5,Messenger RNA,0.0,0,1,1,0.0,0.37767220902612825,0.045454545454545456,
NHLRC3,NHLRC3,Messenger RNA,0.0,0,1,1,0.0,0.4380165289256198,0.045454545454545456,
PRRX1,PRRX1,Messenger RNA,0.0,0,1,1,0.0,0.4774774774774775,0.045454545454545456,
ABAT,ABAT,Messenger RNA,0.0,16,0,1,,,,
SUGT1,SUGT1,Messenger RNA,0.0,2,0,1,,,,
CXCL14,CXCL14,Messenger RNA,0.0,0,1,1,0.0,0.4774774774774775,0.045454545454545456,
RHOBTB1,RHOBTB1,Messenger RNA,0.0,3,0,1,,,,
SFXN1,SFXN1,Messenger RNA,0.0,1,0,1,,,,
PLEKHO2,PLEKHO2,Messenger RNA,0.0,0,1,1,0.0,0.4774774774774775,0.045454545454545456,
EFCAB14,EFCAB14,Messenger RNA,0.0,0,1,1,0.0,0.4380165289256198,0.045454545454545456,
RAP2B,RAP2B,Messenger RNA,0.0,1,0,1,,,,
DAZAP2,DAZAP2,Messenger RNA,0.0,0,1,2,0.009161848077350626,0.501577287066246,0.09090909090909091,1.0
KCTD15,KCTD15,Messenger RNA,0.0,26,0,1,,,,
PKIA,PKIA,Messenger RNA,0.0,9,0,2,,,,
ARHGAP24,ARHGAP24,Messenger RNA,0.0,0,1,1,0.0,0.4690265486725664,0.045454545454545456,
ITSN1,ITSN1,Messenger RNA,0.0,1,0,2,,,,
HIVEP3,HIVEP3,Messenger RNA,0.0,0,1,1,0.0,0.4774774774774775,0.045454545454545456,
NMT1,NMT1,Messenger RNA,0.0,0,1,1,0.0,0.35176991150442477,0.045454545454545456,
CHST1,CHST1,Messenger RNA,0.0,0,1,1,0.0,0.25895765472312704,0.045454545454545456,
SCN1B,SCN1B,Messenger RNA,0.0,0,1,1,0.0,0.2713310580204778,0.045454545454545456,
PRKACB,PRKACB,Messenger RNA,0.0,0,1,3,0.009215657681649862,0.39552238805970147,0.13636363636363635,0.3333333333333333
NGFR,NGFR,Messenger RNA,0.0,27,0,1,,,,
MAP4K4,MAP4K4,Messenger RNA,2.0,1,0,1,,,,
BACH2,BACH2,Messenger RNA,0.0,0,1,1,0.0,0.4690265486725664,0.045454545454545456,
NFIA,NFIA,Messenger RNA,0.0,28,0,1,,,,
SALL1,SALL1,Messenger RNA,0.0,0,1,1,0.0,0.4774774774774775,0.045454545454545456,
PRRG1,PRRG1,Messenger RNA,0.0,0,1,2,0.07192617965875517,0.5371621621621622,0.09090909090909091,0.0
FAM241A,FAM241A,Messenger RNA,0.0,0,1,1,0.0,0.4005037783375315,0.045454545454545456,
NOVA1,NOVA1,Messenger RNA,0.0,0,1,1,0.0,0.3225152129817444,0.045454545454545456,
NEK9,NEK9,Messenger RNA,0.0,0,1,1,0.0,0.4774774774774775,0.045454545454545456,
KSR1,KSR1,Messenger RNA,0.0,0,1,1,0.0,0.41732283464566927,0.045454545454545456,
PHF6,PHF6,Messenger RNA,0.0,1,0,1,,,,
CD200R1,CD200R1,Messenger RNA,0.0,7,0,1,,,,
SYNPO2,SYNPO2,Messenger RNA,0.0,0,1,1,0.0,0.3426724137931034,0.045454545454545456,
IGF1,IGF1,Messenger RNA,0.0,0,1,2,0.02436371546660866,0.33263598326359833,0.09090909090909091,0.0
PLEKHA5,PLEKHA5,Messenger RNA,0.0,29,0,1,,,,
FOXP1,FOXP1,Messenger RNA,0.0,0,1,1,0.0,0.3426724137931034,0.045454545454545456,
BCL11B,BCL11B,Messenger RNA,0.0,0,1,1,0.0,0.35176991150442477,0.045454545454545456,
ARHGAP19,ARHGAP19,Messenger RNA,0.0,30,0,1,,,,
ZC3H12C,ZC3H12C,Messenger RNA,0.0,0,1,1,0.0,0.4690265486725664,0.045454545454545456,
PCDHA6,PCDHA6,Messenger RNA,0.0,0,1,1,0.0,0.4774774774774775,0.045454545454545456,
CREBL2,CREBL2,Messenger RNA,0.0,0,1,1,0.0,0.375886524822695,0.045454545454545456,
NEGR1,NEGR1,Messenger RNA,0.0,0,1,1,0.0,0.41732283464566927,0.045454545454545456,
MEOX1,MEOX1,Messenger RNA,2.0,0,1,1,0.0,0.35176991150442477,0.045454545454545456,
TIA1,TIA1,Messenger RNA,0.0,1,0,1,,,,
RLIM,RLIM,Messenger RNA,0.0,0,1,1,0.0,0.3225152129817444,0.045454545454545456,
SLC35B4,SLC35B4,Messenger RNA,0.0,1,0,1,,,,
FGF14,FGF14,Messenger RNA,0.0,0,1,1,0.0,0.35176991150442477,0.045454545454545456,
NRIP1,NRIP1,Messenger RNA,0.0,0,1,1,0.0,0.3225152129817444,0.045454545454545456,
SESN1,SESN1,Messenger RNA,0.0,4,0,1,,,,
FKBP14,FKBP14,Messenger RNA,0.0,3,0,1,,,,
PTPRQ,PTPRQ,Messenger RNA,0.0,0,1,1,0.0,0.4690265486725664,0.045454545454545456,
GPX7,GPX7,Messenger RNA,0.0,3,0,1,,,,
MOSPD1,MOSPD1,Messenger RNA,0.0,2,0,1,,,,
IL6ST,IL6ST,Messenger RNA,0.0,0,1,1,0.0,0.4774774774774775,0.045454545454545456,
CD86,CD86,Messenger RNA,0.0,7,0,1,,,,
TNFAIP8,TNFAIP8,Messenger RNA,0.0,0,1,1,0.0,0.4690265486725664,0.045454545454545456,
JAK1,JAK1,Messenger RNA,0.0,0,1,1,0.0,0.4380165289256198,0.045454545454545456,
NEK10,NEK10,Messenger RNA,0.0,0,1,1,0.0,0.34415584415584416,0.045454545454545456,
GDI2,GDI2,Messenger RNA,0.0,11,0,1,,,,
LMOD1,LMOD1,Messenger RNA,0.0,0,1,1,0.0,0.4690265486725664,0.045454545454545456,
FBXO39,FBXO39,Messenger RNA,0.0,0,1,1,0.0,0.4774774774774775,0.045454545454545456,
SSTR1,SSTR1,Messenger RNA,0.0,4,0,1,,,,
DCUN1D5,DCUN1D5,Messenger RNA,0.0,31,0,1,,,,
ACER3,ACER3,Messenger RNA,0.0,13,0,1,,,,
PDE1B,PDE1B,Messenger RNA,0.0,0,1,1,0.0,0.4774774774774775,0.045454545454545456,
ETS1,ETS1,Messenger RNA,0.0,0,1,1,0.0,0.41732283464566927,0.045454545454545456,
SLC46A3,SLC46A3,Messenger RNA,0.0,0,1,1,0.0,0.37767220902612825,0.045454545454545456,
ARPP19,ARPP19,Messenger RNA,0.0,2,0,1,,,,
SESN3,SESN3,Messenger RNA,0.0,0,1,1,0.0,0.4380165289256198,0.045454545454545456,
RBL2,RBL2,Messenger RNA,0.0,0,1,1,0.0,0.4380165289256198,0.045454545454545456,
CYBRD1,CYBRD1,Messenger RNA,0.0,0,1,1,0.0,0.4380165289256198,0.045454545454545456,
ZNF385A,ZNF385A,Messenger RNA,0.0,0,1,1,0.0,0.4380165289256198,0.045454545454545456,
PCDH9,PCDH9,Messenger RNA,0.0,0,1,1,0.0,0.33125,0.045454545454545456,
SLC38A1,SLC38A1,Messenger RNA,0.0,1,0,1,,,,
HSPA12A,HSPA12A,Messenger RNA,0.0,32,0,1,,,,
LRCH1,LRCH1,Messenger RNA,0.0,0,1,2,0.009161848077350626,0.501577287066246,0.09090909090909091,1.0
SMARCD2,SMARCD2,Messenger RNA,0.0,1,0,1,,,,
SYT11,SYT11,Messenger RNA,0.0,0,1,1,0.0,0.3225152129817444,0.045454545454545456,
SH3BP5L,SH3BP5L,Messenger RNA,0.0,14,0,1,,,,
CORO2B,CORO2B,Messenger RNA,0.0,0,1,1,0.0,0.4774774774774775,0.045454545454545456,
SCN8A,SCN8A,Messenger RNA,0.0,0,1,1,0.0,0.34415584415584416,0.045454545454545456,
CDS2,CDS2,Messenger RNA,0.0,8,0,1,,,,
TMEM50B,TMEM50B,Messenger RNA,0.0,0,1,1,0.0,0.4380165289256198,0.045454545454545456,
FNDC3A,FNDC3A,Messenger RNA,0.0,0,1,1,0.0,0.4380165289256198,0.045454545454545456,
CAMTA2,CAMTA2,Messenger RNA,0.0,0,1,1,0.0,0.4774774774774775,0.045454545454545456,
LIMD1,LIMD1,Messenger RNA,0.0,8,0,1,,,,
HDAC9,HDAC9,Messenger RNA,0.0,0,1,1,0.0,0.35176991150442477,0.045454545454545456,
PACRGL,PACRGL,Messenger RNA,0.0,1,0,1,,,,
OPCML,OPCML,Messenger RNA,0.0,8,0,1,,,,
UNC13B,UNC13B,Messenger RNA,0.0,3,0,1,,,,
B4GALT5,B4GALT5,Messenger RNA,0.0,1,0,1,,,,
DNAL4,DNAL4,Messenger RNA,0.0,6,0,1,,,,
DYNLL2,DYNLL2,Messenger RNA,0.0,2,0,1,,,,
TGFBR2,TGFBR2,Messenger RNA,0.0,0,1,1,0.0,0.4774774774774775,0.045454545454545456,
DHX36,DHX36,Messenger RNA,0.0,1,0,1,,,,
