id,label,type,module_id,connected_component_id,is_in_largest_component,betweenness_centrality,closeness_centrality,degree_centrality,redundancy_coefficient
CCND2,CCND2,Messenger RNA,1.0,0,1,0.038321172337266146,0.6912751677852349,0.3076923076923077,1.0
RXRG,RXRG,Messenger RNA,0.0,0,1,0.019826585411793236,0.6477987421383647,0.23076923076923078,1.0
KLF3,KLF3,Messenger RNA,1.0,0,1,0.0,0.5282051282051282,0.07692307692307693,
ESR1,ESR1,Messenger RNA,0.0,0,1,0.0,0.5282051282051282,0.07692307692307693,
PAPLN,PAPLN,Messenger RNA,0.0,0,1,0.02893948280812758,0.6912751677852349,0.3076923076923077,1.0
DIAPH2,DIAPH2,Messenger RNA,1.0,0,1,0.0,0.5282051282051282,0.07692307692307693,
TARDBP,TARDBP,Messenger RNA,0.0,0,1,0.0,0.5282051282051282,0.07692307692307693,
ZEB1,ZEB1,Messenger RNA,3.0,0,1,0.0,0.5282051282051282,0.07692307692307693,
SMARCD1,SMARCD1,Messenger RNA,0.0,0,1,0.019826585411793236,0.6477987421383647,0.23076923076923078,1.0
CCDC50,CCDC50,Messenger RNA,1.0,0,1,0.15267712432762293,0.8512396694214877,0.7692307692307693,1.0
IGF1R,IGF1R,Messenger RNA,0.0,0,1,0.0,0.5282051282051282,0.07692307692307693,
LASP1,LASP1,Messenger RNA,0.0,0,1,0.006954414167078318,0.6319018404907976,0.15384615384615385,1.0
SCN1B,SCN1B,Messenger RNA,0.0,0,1,0.01823742656278832,0.6319018404907976,0.23076923076923078,1.0
CD200R1,CD200R1,Messenger RNA,1.0,0,1,0.21334305454645108,0.8803418803418803,0.8461538461538463,0.8909090909090909
IGF1,IGF1,Messenger RNA,0.0,0,1,0.0,0.5282051282051282,0.07692307692307693,
GPX7,GPX7,Messenger RNA,0.0,0,1,0.0,0.5282051282051282,0.07692307692307693,
B4GALT5,B4GALT5,Messenger RNA,1.0,0,1,0.060862765608096135,0.7202797202797203,0.38461538461538464,0.8
MMP2,MMP2,Messenger RNA,0.0,0,1,0.004873283441444475,0.5953757225433526,0.23076923076923078,1.0
ICOS,ICOS,Messenger RNA,0.0,0,1,0.016731321394451902,0.6167664670658682,0.23076923076923078,1.0
HAS2,HAS2,Messenger RNA,0.0,0,1,0.026606840940388784,0.639751552795031,0.3076923076923077,1.0
TP53INP2,TP53INP2,Messenger RNA,0.0,0,1,0.004873283441444475,0.5953757225433526,0.23076923076923078,1.0
AFF1,AFF1,Messenger RNA,0.0,0,1,0.050955685463598036,0.6912751677852349,0.46153846153846156,1.0
GAN,GAN,Messenger RNA,0.0,0,1,0.030570526079863228,0.6645161290322581,0.3076923076923077,1.0
CHST1,CHST1,Messenger RNA,1.0,0,1,0.07492500863025646,0.7304964539007093,0.5384615384615385,1.0
PTPRQ,PTPRQ,Messenger RNA,0.0,0,1,0.005867497043991439,0.5754189944134078,0.15384615384615385,1.0
IL6ST,IL6ST,Messenger RNA,1.0,0,1,0.014335881024101483,0.5953757225433526,0.23076923076923078,0.6666666666666666
DCUN1D5,DCUN1D5,Messenger RNA,1.0,0,1,0.0024596621441586143,0.5885714285714285,0.15384615384615385,1.0
PRDM16,PRDM16,Messenger RNA,0.0,0,1,0.011764450113399145,0.5508021390374331,0.23076923076923078,1.0
SLC35B4,SLC35B4,Messenger RNA,0.0,0,1,0.0015889523948840521,0.5073891625615764,0.15384615384615385,1.0
ETS1,ETS1,Messenger RNA,0.0,0,1,0.0015889523948840521,0.5073891625615764,0.15384615384615385,1.0
ORAI3,ORAI3,Messenger RNA,0.0,0,1,0.0,0.4497816593886463,0.07692307692307693,
ERBB3,ERBB3,Messenger RNA,0.0,0,1,0.02531460807833266,0.6242424242424243,0.3076923076923077,1.0
TNS1,TNS1,Messenger RNA,0.0,0,1,0.0,0.4497816593886463,0.07692307692307693,
CELF2,CELF2,Messenger RNA,1.0,0,1,0.0,0.4497816593886463,0.07692307692307693,
SSTR1,SSTR1,Messenger RNA,0.0,0,1,0.0,0.4497816593886463,0.07692307692307693,
AXL,AXL,Messenger RNA,1.0,0,1,0.0,0.4975845410628019,0.07692307692307693,
RASGRF2,RASGRF2,Messenger RNA,0.0,0,1,0.0009216515787229179,0.5392670157068062,0.15384615384615385,1.0
ANKRD44,ANKRD44,Messenger RNA,1.0,0,1,0.0,0.5228426395939086,0.07692307692307693,
PRKACB,PRKACB,Messenger RNA,0.0,0,1,0.0,0.5228426395939086,0.07692307692307693,
WIPF1,WIPF1,Messenger RNA,3.0,0,1,0.0,0.4790697674418605,0.07692307692307693,
SLC46A3,SLC46A3,Messenger RNA,0.0,0,1,0.0,0.4790697674418605,0.07692307692307693,
MSN,MSN,Messenger RNA,1.0,0,1,0.0,0.5024390243902439,0.07692307692307693,
RXRA,RXRA,Messenger RNA,2.0,0,1,0.0,0.5024390243902439,0.07692307692307693,
ELFN2,ELFN2,Messenger RNA,1.0,0,1,0.0,0.42386831275720166,0.07692307692307693,
NOVA1,NOVA1,Messenger RNA,0.0,0,1,0.0,0.5024390243902439,0.07692307692307693,
SESN3,SESN3,Messenger RNA,2.0,0,1,0.0,0.4618834080717489,0.07692307692307693,
KEGG:05202,Transcriptional misregulation in cancer,Pathway,0.0,0,1,0.30359329180244826,0.5072463768115942,0.3695652173913043,0.22794117647058823
KEGG:05200,Pathways in cancer,Pathway,4.0,0,1,0.26636532230728527,0.5555555555555556,0.3913043478260869,0.5098039215686274
KEGG:04211,Longevity regulating pathway,Pathway,0.0,0,1,0.06990250972006895,0.4605263157894737,0.15217391304347827,0.5714285714285714
KEGG:04020,Calcium signaling pathway,Pathway,0.0,0,1,0.15431785162682654,0.4069767441860465,0.2391304347826087,0.3090909090909091
KEGG:01521,EGFR tyrosine kinase inhibitor resistance,Pathway,0.0,0,1,0.05390186763399853,0.4666666666666667,0.13043478260869565,0.6
KEGG:01522,Endocrine resistance,Pathway,0.0,0,1,0.02021728669460939,0.45454545454545453,0.13043478260869565,1.0
KEGG:04010,MAPK signaling pathway,Pathway,0.0,0,1,0.13144895350142347,0.5,0.2391304347826087,0.5818181818181818
KEGG:04068,FoxO signaling pathway,Pathway,0.0,0,1,0.07746362194888969,0.4430379746835443,0.15217391304347827,0.47619047619047616
KEGG:05205,Proteoglycans in cancer,Pathway,0.0,0,1,0.09744833108616405,0.47297297297297297,0.19565217391304346,0.5277777777777778
KEGG:04659,Th17 cell differentiation,Pathway,0.0,0,1,0.04299496751587847,0.3763440860215054,0.13043478260869565,0.6666666666666666
KEGG:04014,Ras signaling pathway,Pathway,0.0,0,1,0.07790759997287984,0.47297297297297297,0.19565217391304346,0.7222222222222222
KEGG:04115,p53 signaling pathway,Pathway,0.0,0,1,0.05479638345398047,0.42168674698795183,0.10869565217391304,0.4
KEGG:05214,Glioma,Pathway,0.0,0,1,0.01953841736686959,0.44871794871794873,0.10869565217391304,1.0
