source,target
hsa-miR-29c-3p,SERPINH1
hsa-miR-193b-3p,KIT
hsa-miR-141-3p,SOX17
hsa-miR-210-3p,HIF3A
hsa-miR-96-5p,ADAM23
hsa-miR-200b-3p,FLI1
hsa-miR-29b-3p,LAMA2
hsa-miR-20b-5p,SRGAP1
hsa-miR-342-3p,PDGFRA
hsa-miR-301a-3p,RARB
hsa-miR-301a-3p,AR
hsa-miR-141-3p,NRP1
hsa-miR-96-5p,FOXO1
hsa-miR-200a-3p,NRP1
hsa-miR-200a-3p,SOX17
hsa-miR-96-5p,MSN
hsa-miR-16-5p,MYLK
hsa-miR-301a-3p,TGFBR2
hsa-miR-196a-5p,NEDD4L
hsa-miR-193a-3p,FLI1
hsa-miR-96-5p,SEMA5A
hsa-miR-365b-3p,MEF2D
hsa-miR-365a-3p,MEF2D
S01098,R-HSA-1474244
S01109,R-HSA-1474244
SERPINH1,S01098
SERPINH1,S01109
S00174,R-HSA-9006934
S00201,R-HSA-9006934
S00202,R-HSA-9006934
S00205,R-HSA-9006934
S00207,R-HSA-9006934
S00208,R-HSA-9006934
S00209,R-HSA-9006934
S00210,R-HSA-9006934
S00300,R-HSA-9006934
S00301,R-HSA-9006934
S00302,R-HSA-9006934
S00303,R-HSA-9006934
S00304,R-HSA-9006934
S00305,R-HSA-9006934
S00306,R-HSA-9006934
S00307,R-HSA-9006934
S00838,R-HSA-9006934
S00839,R-HSA-9006934
KIT,S00174
PDGFRA,S00201
PDGFRA,S00202
PDGFRA,S00205
PDGFRA,S00207
PDGFRA,S00208
PDGFRA,S00209
PDGFRA,S00210
KIT,S00300
KIT,S00301
KIT,S00302
KIT,S00303
KIT,S00304
KIT,S00305
KIT,S00306
KIT,S00307
MEF2D,S00838
MEF2D,S00839
S01446,R-HSA-162582
S01470,R-HSA-162582
S01493,R-HSA-162582
S01494,R-HSA-162582
S01497,R-HSA-162582
S01499,R-HSA-162582
S01500,R-HSA-162582
S01501,R-HSA-162582
S01502,R-HSA-162582
S01599,R-HSA-162582
S01608,R-HSA-162582
S01610,R-HSA-162582
S01611,R-HSA-162582
S01612,R-HSA-162582
S01613,R-HSA-162582
S01614,R-HSA-162582
S01617,R-HSA-162582
S01618,R-HSA-162582
S01619,R-HSA-162582
S01620,R-HSA-162582
S01621,R-HSA-162582
S01622,R-HSA-162582
S01752,R-HSA-162582
S01994,R-HSA-162582
S01995,R-HSA-162582
S01996,R-HSA-162582
S01997,R-HSA-162582
S01998,R-HSA-162582
S01999,R-HSA-162582
S02000,R-HSA-162582
S02001,R-HSA-162582
S02321,R-HSA-162582
S02327,R-HSA-162582
S02521,R-HSA-162582
S02522,R-HSA-162582
S02523,R-HSA-162582
S02524,R-HSA-162582
S02525,R-HSA-162582
S02526,R-HSA-162582
S02527,R-HSA-162582
S02528,R-HSA-162582
S02532,R-HSA-162582
S02533,R-HSA-162582
S02546,R-HSA-162582
S02547,R-HSA-162582
S02548,R-HSA-162582
S02549,R-HSA-162582
S02550,R-HSA-162582
S02551,R-HSA-162582
S02552,R-HSA-162582
S02553,R-HSA-162582
S02554,R-HSA-162582
S02555,R-HSA-162582
S03004,R-HSA-162582
S03011,R-HSA-162582
S03043,R-HSA-162582
S03112,R-HSA-162582
S03122,R-HSA-162582
S03126,R-HSA-162582
S03568,R-HSA-162582
S03569,R-HSA-162582
S03644,R-HSA-162582
S03645,R-HSA-162582
S03646,R-HSA-162582
S03647,R-HSA-162582
S03648,R-HSA-162582
S03649,R-HSA-162582
S03650,R-HSA-162582
S03651,R-HSA-162582
S03652,R-HSA-162582
S03653,R-HSA-162582
S03654,R-HSA-162582
FOXO1,S01446
KIT,S01470
PDGFRA,S01493
PDGFRA,S01494
PDGFRA,S01497
PDGFRA,S01499
PDGFRA,S01500
PDGFRA,S01501
PDGFRA,S01502
TGFBR2,S01599
TGFBR2,S01608
TGFBR2,S01610
TGFBR2,S01611
TGFBR2,S01612
TGFBR2,S01613
TGFBR2,S01614
TGFBR2,S01617
TGFBR2,S01618
TGFBR2,S01619
TGFBR2,S01620
TGFBR2,S01621
TGFBR2,S01622
FOXO1,S01752
KIT,S01994
KIT,S01995
KIT,S01996
KIT,S01997
KIT,S01998
KIT,S01999
KIT,S02000
KIT,S02001
SOX17,S02321
SOX17,S02327
TGFBR2,S02521
TGFBR2,S02522
TGFBR2,S02523
TGFBR2,S02524
TGFBR2,S02525
TGFBR2,S02526
TGFBR2,S02527
TGFBR2,S02528
TGFBR2,S02532
TGFBR2,S02533
TGFBR2,S02546
TGFBR2,S02547
NEDD4L,S02547
TGFBR2,S02548
NEDD4L,S02548
TGFBR2,S02549
TGFBR2,S02550
TGFBR2,S02551
NEDD4L,S02552
NEDD4L,S02553
NEDD4L,S02554
NEDD4L,S02555
SRGAP1,S03004
SRGAP1,S03011
SRGAP1,S03043
MYLK,S03112
MYLK,S03122
MYLK,S03126
MEF2D,S03568
MEF2D,S03569
AR,S03644
AR,S03645
AR,S03646
AR,S03647
AR,S03648
AR,S03649
AR,S03650
AR,S03651
AR,S03652
AR,S03653
AR,S03654
S03971,R-HSA-1474290
S03982,R-HSA-1474290
SERPINH1,S03971
SERPINH1,S03982
S04190,R-HSA-1266738
S04196,R-HSA-1266738
S04198,R-HSA-1266738
S04200,R-HSA-1266738
S04249,R-HSA-1266738
S04250,R-HSA-1266738
S04325,R-HSA-1266738
S04327,R-HSA-1266738
S04391,R-HSA-1266738
S04394,R-HSA-1266738
S04475,R-HSA-1266738
S04482,R-HSA-1266738
S04483,R-HSA-1266738
S04484,R-HSA-1266738
S04485,R-HSA-1266738
S04486,R-HSA-1266738
S04999,R-HSA-1266738
S05000,R-HSA-1266738
S05001,R-HSA-1266738
S05002,R-HSA-1266738
S05007,R-HSA-1266738
S05008,R-HSA-1266738
S05016,R-HSA-1266738
S05018,R-HSA-1266738
S05019,R-HSA-1266738
S05020,R-HSA-1266738
S05021,R-HSA-1266738
S05022,R-HSA-1266738
S05023,R-HSA-1266738
S05024,R-HSA-1266738
S05025,R-HSA-1266738
S05056,R-HSA-1266738
S05057,R-HSA-1266738
S05058,R-HSA-1266738
S05068,R-HSA-1266738
S05069,R-HSA-1266738
S05070,R-HSA-1266738
S05071,R-HSA-1266738
S05088,R-HSA-1266738
S05089,R-HSA-1266738
HIF3A,S04190
ADAM23,S04196
ADAM23,S04198
ADAM23,S04200
FLI1,S04249
FLI1,S04250
LAMA2,S04325
LAMA2,S04327
SOX17,S04391
SOX17,S04394
RARB,S04475
RARB,S04482
RARB,S04483
RARB,S04484
RARB,S04485
RARB,S04486
NRP1,S04999
NRP1,S05000
NRP1,S05001
NRP1,S05002
NRP1,S05007
NRP1,S05008
SEMA5A,S05016
NRP1,S05018
NRP1,S05019
NRP1,S05020
NRP1,S05021
NRP1,S05022
NRP1,S05023
NRP1,S05024
NRP1,S05025
NRP1,S05056
NRP1,S05057
NRP1,S05058
MSN,S05068
MSN,S05069
MSN,S05070
MSN,S05071
SRGAP1,S05088
SRGAP1,S05089
S05201,R-HSA-1650814
S05212,R-HSA-1650814
SERPINH1,S05201
SERPINH1,S05212
S00971,R-HSA-383280
S00972,R-HSA-383280
RARB,S00971
RARB,S00972
S06255,R-HSA-9675108
S06257,R-HSA-9675108
S06369,R-HSA-9675108
S06370,R-HSA-9675108
S06371,R-HSA-9675108
S06372,R-HSA-9675108
S06377,R-HSA-9675108
S06378,R-HSA-9675108
S06388,R-HSA-9675108
S06389,R-HSA-9675108
S06390,R-HSA-9675108
S06391,R-HSA-9675108
S06392,R-HSA-9675108
S06393,R-HSA-9675108
S06394,R-HSA-9675108
S06395,R-HSA-9675108
S06426,R-HSA-9675108
S06427,R-HSA-9675108
S06428,R-HSA-9675108
S06458,R-HSA-9675108
S06459,R-HSA-9675108
LAMA2,S06255
LAMA2,S06257
NRP1,S06369
NRP1,S06370
NRP1,S06371
NRP1,S06372
NRP1,S06377
NRP1,S06378
NRP1,S06388
NRP1,S06389
NRP1,S06390
NRP1,S06391
NRP1,S06392
NRP1,S06393
NRP1,S06394
NRP1,S06395
NRP1,S06426
NRP1,S06427
NRP1,S06428
SRGAP1,S06458
SRGAP1,S06459
