accession_id,is_expressed
MIMAT0000062,1
MIMAT0000063,1
MIMAT0000064,1
MIMAT0000065,1
MIMAT0000066,1
MIMAT0000067,1
MIMAT0000068,1
MIMAT0000069,1
MIMAT0000070,1
MIMAT0000071,1
MIMAT0000072,1
MIMAT0000073,1
MIMAT0000074,1
MIMAT0000075,1
MIMAT0000076,1
MIMAT0000077,1
MIMAT0000078,1
MIMAT0000079,1
MIMAT0000080,1
MIMAT0000081,1
MIMAT0000082,1
MIMAT0000083,1
MIMAT0000084,1
MIMAT0000085,1
MIMAT0000086,1
MIMAT0000087,1
MIMAT0000088,1
MIMAT0000089,1
MIMAT0000090,1
MIMAT0000091,1
MIMAT0000092,1
MIMAT0000093,1
MIMAT0000094,1
MIMAT0000095,1
MIMAT0000096,1
MIMAT0000097,1
MIMAT0000098,1
MIMAT0000099,1
MIMAT0000100,1
MIMAT0000101,1
MIMAT0000103,1
MIMAT0000104,1
MIMAT0000222,1
MIMAT0000226,1
MIMAT0000227,1
MIMAT0000228,0
MIMAT0000231,1
MIMAT0000232,1
MIMAT0000242,1
MIMAT0000243,1
MIMAT0000244,1
MIMAT0000245,1
MIMAT0000250,1
MIMAT0000252,1
MIMAT0000253,1
MIMAT0000254,1
MIMAT0000255,1
MIMAT0000256,1
MIMAT0000257,1
MIMAT0000258,1
MIMAT0000259,1
MIMAT0000261,1
MIMAT0000262,1
MIMAT0000263,1
MIMAT0000264,1
MIMAT0000265,1
MIMAT0000266,1
MIMAT0000267,1
MIMAT0000268,0
MIMAT0000269,1
MIMAT0000270,1
MIMAT0000271,1
MIMAT0000272,1
MIMAT0000273,1
MIMAT0000274,1
MIMAT0000275,1
MIMAT0000276,1
MIMAT0000278,1
MIMAT0000279,1
MIMAT0000280,1
MIMAT0000281,1
MIMAT0000318,1
MIMAT0000414,1
MIMAT0000415,1
MIMAT0000416,1
MIMAT0000417,1
MIMAT0000418,1
MIMAT0000419,1
MIMAT0000420,1
MIMAT0000423,1
MIMAT0000424,1
MIMAT0000425,1
MIMAT0000426,1
MIMAT0000427,1
MIMAT0000428,1
MIMAT0000430,1
MIMAT0000431,1
MIMAT0000432,1
MIMAT0000433,1
MIMAT0000434,1
MIMAT0000435,1
MIMAT0000436,1
MIMAT0000437,1
MIMAT0000438,1
MIMAT0000439,1
MIMAT0000440,1
MIMAT0000441,1
MIMAT0000443,1
MIMAT0000444,1
MIMAT0000445,1
MIMAT0000446,1
MIMAT0000447,1
MIMAT0000448,1
MIMAT0000449,1
MIMAT0000450,1
MIMAT0000451,1
MIMAT0000452,1
MIMAT0000453,1
MIMAT0000454,1
MIMAT0000455,1
MIMAT0000456,1
MIMAT0000457,1
MIMAT0000458,1
MIMAT0000459,1
MIMAT0000460,1
MIMAT0000461,1
MIMAT0000462,1
MIMAT0000510,1
MIMAT0000617,1
MIMAT0000646,1
MIMAT0000680,1
MIMAT0000681,1
MIMAT0000682,1
MIMAT0000685,1
MIMAT0000686,1
MIMAT0000687,0
MIMAT0000688,1
MIMAT0000689,1
MIMAT0000690,1
MIMAT0000691,1
MIMAT0000692,1
MIMAT0000693,1
MIMAT0000703,1
MIMAT0000705,1
MIMAT0000707,1
MIMAT0000710,1
MIMAT0000720,1
MIMAT0000721,1
MIMAT0000722,1
MIMAT0000727,1
MIMAT0000728,1
MIMAT0000729,1
MIMAT0000730,1
MIMAT0000731,1
MIMAT0000732,1
MIMAT0000733,1
MIMAT0000734,0
MIMAT0000736,1
MIMAT0000737,1
MIMAT0000738,1
MIMAT0000750,1
MIMAT0000751,1
MIMAT0000752,1
MIMAT0000753,1
MIMAT0000754,1
MIMAT0000755,1
MIMAT0000756,1
MIMAT0000757,1
MIMAT0000758,1
MIMAT0000759,1
MIMAT0000760,1
MIMAT0000761,1
MIMAT0000762,1
MIMAT0000763,1
MIMAT0000764,1
MIMAT0000765,1
MIMAT0000770,1
MIMAT0000772,1
MIMAT0000773,0
MIMAT0001080,1
MIMAT0001340,1
MIMAT0001341,1
MIMAT0001343,1
MIMAT0001412,1
MIMAT0001413,1
MIMAT0001536,1
MIMAT0001545,1
MIMAT0001618,1
MIMAT0001620,1
MIMAT0001621,1
MIMAT0001625,1
MIMAT0001627,1
MIMAT0001629,1
MIMAT0001631,1
MIMAT0001635,1
MIMAT0001636,1
MIMAT0001638,1
MIMAT0001639,1
MIMAT0002171,1
MIMAT0002172,1
MIMAT0002173,1
MIMAT0002174,1
MIMAT0002175,0
MIMAT0002176,1
MIMAT0002177,1
MIMAT0002178,1
MIMAT0002805,1
MIMAT0002806,1
MIMAT0002807,1
MIMAT0002808,1
MIMAT0002809,1
MIMAT0002810,1
MIMAT0002811,0
MIMAT0002813,1
MIMAT0002814,1
MIMAT0002816,1
MIMAT0002817,1
MIMAT0002818,1
MIMAT0002819,1
MIMAT0002820,1
MIMAT0002821,1
MIMAT0002823,1
MIMAT0002830,1
MIMAT0002833,1
MIMAT0002834,1
MIMAT0002835,1
MIMAT0002838,1
MIMAT0002841,1
MIMAT0002844,1
MIMAT0002849,1
MIMAT0002852,1
MIMAT0002857,1
MIMAT0002862,1
MIMAT0002866,1
MIMAT0002871,1
MIMAT0002872,1
MIMAT0002873,1
MIMAT0002874,1
MIMAT0002875,1
MIMAT0002876,1
MIMAT0002878,0
MIMAT0002880,1
MIMAT0002881,1
MIMAT0002883,1
MIMAT0002888,1
MIMAT0002890,1
MIMAT0002891,1
MIMAT0003150,1
MIMAT0003161,1
MIMAT0003163,1
MIMAT0003164,0
MIMAT0003180,1
MIMAT0003214,1
MIMAT0003218,1
MIMAT0003233,1
MIMAT0003235,1
MIMAT0003239,1
MIMAT0003241,1
MIMAT0003242,1
MIMAT0003243,0
MIMAT0003246,1
MIMAT0003247,1
MIMAT0003249,1
MIMAT0003250,1
MIMAT0003256,1
MIMAT0003257,1
MIMAT0003258,1
MIMAT0003265,0
MIMAT0003266,1
MIMAT0003273,1
MIMAT0003275,0
MIMAT0003283,1
MIMAT0003284,1
MIMAT0003287,1
MIMAT0003293,1
MIMAT0003294,1
MIMAT0003296,1
MIMAT0003297,1
MIMAT0003298,1
MIMAT0003301,1
MIMAT0003312,1
MIMAT0003321,1
MIMAT0003322,1
MIMAT0003328,1
MIMAT0003329,1
MIMAT0003330,1
MIMAT0003331,1
MIMAT0003332,1
MIMAT0003338,1
MIMAT0003339,1
MIMAT0003340,1
MIMAT0003386,1
MIMAT0003389,1
MIMAT0003393,1
MIMAT0003879,1
MIMAT0003884,1
MIMAT0003885,1
MIMAT0003886,1
MIMAT0003887,1
MIMAT0003888,1
MIMAT0003948,0
MIMAT0004481,1
MIMAT0004482,1
MIMAT0004484,1
MIMAT0004485,1
MIMAT0004486,1
MIMAT0004489,1
MIMAT0004491,1
MIMAT0004493,1
MIMAT0004494,1
MIMAT0004495,1
MIMAT0004496,1
MIMAT0004497,1
MIMAT0004499,1
MIMAT0004500,1
MIMAT0004501,1
MIMAT0004502,1
MIMAT0004503,1
MIMAT0004504,1
MIMAT0004505,1
MIMAT0004507,1
MIMAT0004509,1
MIMAT0004511,1
MIMAT0004512,0
MIMAT0004513,1
MIMAT0004514,1
MIMAT0004515,1
MIMAT0004517,0
MIMAT0004518,1
MIMAT0004543,1
MIMAT0004549,1
MIMAT0004550,1
MIMAT0004551,1
MIMAT0004552,1
MIMAT0004553,1
MIMAT0004555,1
MIMAT0004556,1
MIMAT0004557,0
MIMAT0004558,1
MIMAT0004559,1
MIMAT0004563,1
MIMAT0004564,1
MIMAT0004565,0
MIMAT0004567,1
MIMAT0004568,1
MIMAT0004569,1
MIMAT0004570,1
MIMAT0004571,1
MIMAT0004584,1
MIMAT0004585,1
MIMAT0004586,1
MIMAT0004587,1
MIMAT0004588,1
MIMAT0004589,1
MIMAT0004592,1
MIMAT0004593,1
MIMAT0004594,1
MIMAT0004597,1
MIMAT0004598,1
MIMAT0004599,1
MIMAT0004600,1
MIMAT0004601,1
MIMAT0004602,1
MIMAT0004603,1
MIMAT0004604,1
MIMAT0004605,0
MIMAT0004606,1
MIMAT0004610,1
MIMAT0004611,1
MIMAT0004613,1
MIMAT0004614,1
MIMAT0004615,1
MIMAT0004657,1
MIMAT0004671,1
MIMAT0004672,1
MIMAT0004673,1
MIMAT0004674,0
MIMAT0004676,1
MIMAT0004677,1
MIMAT0004678,1
MIMAT0004679,1
MIMAT0004680,1
MIMAT0004681,1
MIMAT0004682,1
MIMAT0004683,1
MIMAT0004688,1
MIMAT0004689,1
MIMAT0004690,1
MIMAT0004692,1
MIMAT0004693,1
MIMAT0004694,1
MIMAT0004695,0
MIMAT0004696,0
MIMAT0004697,1
MIMAT0004699,1
MIMAT0004700,1
MIMAT0004701,1
MIMAT0004702,1
MIMAT0004703,1
MIMAT0004748,1
MIMAT0004749,1
MIMAT0004751,1
MIMAT0004752,1
MIMAT0004757,1
MIMAT0004761,1
MIMAT0004762,1
MIMAT0004765,1
MIMAT0004766,1
MIMAT0004767,1
MIMAT0004768,1
MIMAT0004770,1
MIMAT0004773,1
MIMAT0004774,1
MIMAT0004775,1
MIMAT0004776,1
MIMAT0004780,1
MIMAT0004784,1
MIMAT0004792,1
MIMAT0004797,1
MIMAT0004799,1
MIMAT0004800,1
MIMAT0004801,1
MIMAT0004805,1
MIMAT0004808,1
MIMAT0004809,1
MIMAT0004810,1
MIMAT0004811,1
MIMAT0004813,1
MIMAT0004814,1
MIMAT0004819,1
MIMAT0004902,1
MIMAT0004907,1
MIMAT0004909,1
MIMAT0004911,1
MIMAT0004920,1
MIMAT0004921,1
MIMAT0004926,1
MIMAT0004927,1
MIMAT0004929,1
MIMAT0004945,1
MIMAT0004946,1
MIMAT0004947,1
MIMAT0004949,1
MIMAT0004951,1
MIMAT0004952,0
MIMAT0004953,1
MIMAT0004954,1
MIMAT0004955,1
MIMAT0004956,1
MIMAT0004957,1
MIMAT0004959,0
MIMAT0004977,1
MIMAT0004978,1
MIMAT0004980,1
MIMAT0004982,1
MIMAT0004983,1
MIMAT0004985,1
MIMAT0004987,1
MIMAT0005452,1
MIMAT0005457,1
MIMAT0005458,1
MIMAT0005577,1
MIMAT0005580,0
MIMAT0005582,1
MIMAT0005583,1
MIMAT0005584,1
MIMAT0005592,0
MIMAT0005792,1
MIMAT0005793,1
MIMAT0005794,1
MIMAT0005796,1
MIMAT0005797,1
MIMAT0005824,1
MIMAT0005825,1
MIMAT0005874,0
MIMAT0005878,1
MIMAT0005881,1
MIMAT0005882,0
MIMAT0005884,0
MIMAT0005885,1
MIMAT0005892,0
MIMAT0005893,1
MIMAT0005899,1
MIMAT0005901,1
MIMAT0005905,1
MIMAT0005909,1
MIMAT0005914,1
MIMAT0005919,1
MIMAT0005920,1
MIMAT0005923,1
MIMAT0005924,1
MIMAT0005942,0
MIMAT0005943,1
MIMAT0005948,1
MIMAT0005949,1
MIMAT0005950,1
MIMAT0005951,1
MIMAT0006764,1
MIMAT0006789,1
MIMAT0006790,1
MIMAT0007400,0
MIMAT0009196,1
MIMAT0009197,1
MIMAT0009198,1
MIMAT0009199,1
MIMAT0009451,1
MIMAT0010195,1
MIMAT0010214,1
MIMAT0011156,1
MIMAT0011159,1
MIMAT0011160,0
MIMAT0011161,0
MIMAT0011163,0
MIMAT0014979,1
MIMAT0014988,0
MIMAT0014990,1
MIMAT0014995,1
MIMAT0015003,1
MIMAT0015005,0
MIMAT0015015,0
MIMAT0015020,1
MIMAT0015027,0
MIMAT0015045,1
MIMAT0015050,1
MIMAT0015054,0
MIMAT0015066,1
MIMAT0015077,0
MIMAT0015084,1
MIMAT0015085,1
MIMAT0015378,1
MIMAT0016847,1
MIMAT0016888,1
MIMAT0016895,1
MIMAT0016925,1
MIMAT0017352,1
MIMAT0017950,1
MIMAT0017982,1
MIMAT0017984,1
MIMAT0017985,1
MIMAT0017987,1
MIMAT0017990,1
MIMAT0017991,0
MIMAT0017992,1
MIMAT0017993,1
MIMAT0017994,1
MIMAT0018001,1
MIMAT0018004,1
MIMAT0018071,1
MIMAT0018073,1
MIMAT0018089,1
MIMAT0018101,1
MIMAT0018107,0
MIMAT0018108,0
MIMAT0018110,1
MIMAT0018116,0
MIMAT0018119,0
MIMAT0018183,1
MIMAT0018185,0
MIMAT0018186,0
MIMAT0018187,1
MIMAT0018194,1
MIMAT0018197,0
MIMAT0018201,0
MIMAT0018203,0
MIMAT0018204,1
MIMAT0018205,1
MIMAT0018349,0
MIMAT0018354,1
MIMAT0018356,0
MIMAT0018358,0
MIMAT0018360,0
MIMAT0018443,1
MIMAT0018926,1
MIMAT0018935,0
MIMAT0018962,1
MIMAT0018973,1
MIMAT0018983,1
MIMAT0018989,0
MIMAT0019000,1
MIMAT0019047,0
MIMAT0019058,1
MIMAT0019062,0
MIMAT0019063,0
MIMAT0019202,0
MIMAT0019208,1
MIMAT0019209,1
MIMAT0019211,0
MIMAT0019218,0
MIMAT0019221,1
MIMAT0019223,0
MIMAT0019225,0
MIMAT0019688,0
MIMAT0019696,1
MIMAT0019706,0
MIMAT0019725,0
MIMAT0019728,1
MIMAT0019729,1
MIMAT0019731,1
MIMAT0019744,0
MIMAT0019746,1
MIMAT0019748,0
MIMAT0019757,1
MIMAT0019758,0
MIMAT0019761,1
MIMAT0019772,0
MIMAT0019776,1
MIMAT0019798,0
MIMAT0019805,1
MIMAT0019812,1
MIMAT0019814,1
MIMAT0019823,1
MIMAT0019824,0
MIMAT0019841,1
MIMAT0019847,0
MIMAT0019850,1
MIMAT0019855,0
MIMAT0019856,1
MIMAT0019865,0
MIMAT0019867,0
MIMAT0019871,0
MIMAT0019873,1
MIMAT0019880,1
MIMAT0019889,0
MIMAT0019894,0
MIMAT0019895,0
MIMAT0019920,0
MIMAT0019924,0
MIMAT0019926,1
MIMAT0019927,1
MIMAT0019931,0
MIMAT0019935,0
MIMAT0019957,1
MIMAT0019963,1
MIMAT0019973,0
MIMAT0019985,0
MIMAT0020300,0
MIMAT0020925,1
MIMAT0020959,0
MIMAT0021017,0
MIMAT0021020,1
MIMAT0021022,0
MIMAT0021023,0
MIMAT0021026,1
MIMAT0021043,0
MIMAT0021044,0
MIMAT0021117,0
MIMAT0021118,0
MIMAT0022270,0
MIMAT0022271,1
MIMAT0022272,1
MIMAT0022276,0
MIMAT0022287,1
MIMAT0022292,0
MIMAT0022293,1
MIMAT0022468,1
MIMAT0022471,0
MIMAT0022472,1
MIMAT0022491,1
MIMAT0022492,0
MIMAT0022500,0
MIMAT0022692,1
MIMAT0022696,1
MIMAT0022697,1
MIMAT0022708,0
MIMAT0022710,1
MIMAT0022711,0
MIMAT0022714,0
MIMAT0022721,1
MIMAT0022726,1
MIMAT0022727,1
MIMAT0022736,0
MIMAT0022834,1
MIMAT0022838,0
MIMAT0022842,1
MIMAT0022861,1
MIMAT0022862,1
MIMAT0022923,1
MIMAT0022924,0
MIMAT0022925,1
MIMAT0022928,0
MIMAT0022929,1
MIMAT0022975,1
MIMAT0024598,0
MIMAT0025458,1
MIMAT0025460,1
MIMAT0025462,0
MIMAT0025470,0
MIMAT0025472,0
MIMAT0025474,0
MIMAT0025477,1
MIMAT0025483,0
MIMAT0025841,1
MIMAT0025843,1
MIMAT0025845,1
MIMAT0025848,1
MIMAT0025851,1
MIMAT0025855,0
MIMAT0026472,1
MIMAT0026476,0
MIMAT0026477,1
MIMAT0026478,1
MIMAT0026480,1
MIMAT0026481,1
MIMAT0026483,1
MIMAT0026486,0
MIMAT0026554,0
MIMAT0026555,0
MIMAT0026557,1
MIMAT0026558,0
MIMAT0026559,1
MIMAT0026605,1
MIMAT0026606,1
MIMAT0026607,0
MIMAT0026618,0
MIMAT0026623,0
MIMAT0026625,1
MIMAT0026626,0
MIMAT0026639,0
MIMAT0026718,1
MIMAT0026720,1
MIMAT0026738,1
MIMAT0026743,0
MIMAT0027032,1
MIMAT0027368,0
MIMAT0027369,0
MIMAT0027397,0
MIMAT0027410,0
MIMAT0027414,0
MIMAT0027422,1
MIMAT0027497,1
MIMAT0027505,0
MIMAT0027513,1
MIMAT0027519,0
MIMAT0027530,0
MIMAT0027541,0
MIMAT0027553,0
MIMAT0027577,1
MIMAT0027587,1
MIMAT0027604,0
MIMAT0027608,1
MIMAT0027642,0
MIMAT0027648,0
MIMAT0027649,0
MIMAT0027667,0
MIMAT0027684,1
MIMAT0028118,0
MIMAT0028123,0
MIMAT0028214,0
MIMAT0028221,0
MIMAT0030017,1
MIMAT0030021,1
MIMAT0030412,0
MIMAT0030414,0
MIMAT0030417,0
MIMAT0030418,1
MIMAT0030419,0
MIMAT0031179,0
MIMAT0031893,1
MIMAT0032110,1
MIMAT0000102,1
MIMAT0000429,1
MIMAT0000442,1
MIMAT0000735,0
MIMAT0001541,1
MIMAT0002804,0
MIMAT0002815,0
MIMAT0002827,1
MIMAT0002832,1
MIMAT0002839,1
MIMAT0002840,1
MIMAT0002842,1
MIMAT0002847,1
MIMAT0002858,1
MIMAT0002861,1
MIMAT0002868,1
MIMAT0003220,1
MIMAT0003254,1
MIMAT0003260,1
MIMAT0003302,1
MIMAT0003336,0
MIMAT0003880,1
MIMAT0003881,0
MIMAT0004487,1
MIMAT0004488,0
MIMAT0004506,1
MIMAT0004554,1
MIMAT0004560,1
MIMAT0004608,1
MIMAT0004763,0
MIMAT0004772,0
MIMAT0004918,0
MIMAT0004928,1
MIMAT0004950,1
MIMAT0005593,0
MIMAT0005795,1
MIMAT0005798,0
MIMAT0005900,1
MIMAT0005903,1
MIMAT0005929,1
MIMAT0005930,1
MIMAT0005933,1
MIMAT0005941,0
MIMAT0005955,0
MIMAT0007884,1
MIMAT0010133,1
MIMAT0011158,1
MIMAT0011777,0
MIMAT0013516,0
MIMAT0014987,1
MIMAT0014992,0
MIMAT0015049,0
MIMAT0015072,1
MIMAT0015073,0
MIMAT0015075,0
MIMAT0015082,0
MIMAT0017981,0
MIMAT0017986,1
MIMAT0018000,1
MIMAT0018075,0
MIMAT0018191,1
MIMAT0018193,1
MIMAT0018351,0
MIMAT0018960,0
MIMAT0018968,1
MIMAT0018972,0
MIMAT0018996,0
MIMAT0019026,1
MIMAT0019059,1
MIMAT0019060,0
MIMAT0019201,1
MIMAT0019207,0
MIMAT0019210,0
MIMAT0019214,1
MIMAT0019229,1
MIMAT0019234,0
MIMAT0019693,0
MIMAT0019710,0
MIMAT0019712,0
MIMAT0019747,0
MIMAT0019760,1
MIMAT0019774,0
MIMAT0019807,0
MIMAT0019808,0
MIMAT0019844,0
MIMAT0019845,1
MIMAT0019890,0
MIMAT0019902,0
MIMAT0019905,0
MIMAT0019918,1
MIMAT0019939,1
MIMAT0019949,0
MIMAT0019954,1
MIMAT0019968,0
MIMAT0019970,0
MIMAT0019981,0
MIMAT0021018,0
MIMAT0021083,0
MIMAT0022282,0
MIMAT0022296,0
MIMAT0022469,0
MIMAT0022488,1
MIMAT0022693,0
MIMAT0022695,0
MIMAT0022698,1
MIMAT0022705,0
MIMAT0022706,1
MIMAT0022707,0
MIMAT0022709,1
MIMAT0022732,0
MIMAT0022978,0
MIMAT0025450,1
MIMAT0025451,1
MIMAT0025466,0
MIMAT0025485,0
MIMAT0026475,1
MIMAT0026479,0
MIMAT0026485,0
MIMAT0026614,0
MIMAT0026615,1
MIMAT0026616,1
MIMAT0026627,0
MIMAT0026719,0
MIMAT0026734,0
MIMAT0027361,0
MIMAT0027376,0
MIMAT0027384,0
MIMAT0027393,0
MIMAT0027401,0
MIMAT0027417,0
MIMAT0027425,0
MIMAT0027428,0
MIMAT0027429,0
MIMAT0027434,0
MIMAT0027439,0
MIMAT0027454,1
MIMAT0027461,0
MIMAT0027466,0
MIMAT0027476,0
MIMAT0027477,1
MIMAT0027507,0
MIMAT0027517,0
MIMAT0027521,0
MIMAT0027531,0
MIMAT0027555,0
MIMAT0027567,0
MIMAT0027588,1
MIMAT0027607,0
MIMAT0027622,0
MIMAT0027654,0
MIMAT0027659,0
MIMAT0027669,0
MIMAT0028215,0
MIMAT0030020,1
MIMAT0030421,0
MIMAT0031074,0
MIMAT0031177,0
MIMAT0000724,1
MIMAT0002859,1
MIMAT0002867,1
MIMAT0003245,0
MIMAT0003306,0
MIMAT0003385,0
MIMAT0003882,1
MIMAT0004561,1
MIMAT0004778,0
MIMAT0004793,0
MIMAT0005799,1
MIMAT0014991,0
MIMAT0015028,0
MIMAT0015031,0
MIMAT0015035,1
MIMAT0016916,0
MIMAT0018112,0
MIMAT0018934,0
MIMAT0019018,0
MIMAT0019048,0
MIMAT0019216,0
MIMAT0019694,0
MIMAT0019726,0
MIMAT0019749,0
MIMAT0019750,0
MIMAT0019762,0
MIMAT0019768,0
MIMAT0019770,0
MIMAT0019792,0
MIMAT0019795,0
MIMAT0019840,0
MIMAT0019869,0
MIMAT0019883,0
MIMAT0019896,0
MIMAT0019943,0
MIMAT0019958,0
MIMAT0021021,0
MIMAT0021080,0
MIMAT0022502,0
MIMAT0022720,1
MIMAT0022833,1
MIMAT0022844,1
MIMAT0027354,0
MIMAT0027370,0
MIMAT0027396,0
MIMAT0027487,0
MIMAT0027514,0
MIMAT0027525,0
MIMAT0027565,0
MIMAT0027591,0
MIMAT0027610,0
MIMAT0027612,0
MIMAT0027650,1
MIMAT0027663,0
MIMAT0027682,0
MIMAT0027689,0
MIMAT0027691,0
MIMAT0028122,1
MIMAT0028212,0
MIMAT0028222,1
MIMAT0029782,0
MIMAT0030019,0
MIMAT0030413,0
MIMAT0031892,0
MIMAT0000260,0
MIMAT0002822,1
MIMAT0002853,1
MIMAT0002856,1
MIMAT0002870,0
MIMAT0003244,0
MIMAT0003309,0
MIMAT0003945,0
MIMAT0004498,1
MIMAT0004510,0
MIMAT0004607,1
MIMAT0004609,1
MIMAT0004658,1
MIMAT0004785,1
MIMAT0004958,1
MIMAT0005589,0
MIMAT0005889,0
MIMAT0007889,0
MIMAT0015008,0
MIMAT0015012,0
MIMAT0015030,1
MIMAT0015032,0
MIMAT0015041,0
MIMAT0015377,0
MIMAT0017392,0
MIMAT0017995,0
MIMAT0018006,0
MIMAT0018074,0
MIMAT0018080,0
MIMAT0018086,1
MIMAT0018120,0
MIMAT0018961,0
MIMAT0019006,0
MIMAT0019200,0
MIMAT0019219,1
MIMAT0019220,1
MIMAT0019689,0
MIMAT0019716,1
MIMAT0019739,1
MIMAT0019756,0
MIMAT0019763,0
MIMAT0019764,1
MIMAT0019822,1
MIMAT0019826,0
MIMAT0019853,0
MIMAT0019901,0
MIMAT0019911,0
MIMAT0019912,0
MIMAT0019922,0
MIMAT0019955,0
MIMAT0019961,0
MIMAT0019962,0
MIMAT0019978,0
MIMAT0019979,0
MIMAT0021024,0
MIMAT0021040,0
MIMAT0022277,0
MIMAT0022473,1
MIMAT0022480,1
MIMAT0022482,0
MIMAT0022483,1
MIMAT0022487,1
MIMAT0022496,0
MIMAT0022700,1
MIMAT0025463,0
MIMAT0025467,0
MIMAT0025471,0
MIMAT0025484,0
MIMAT0025486,0
MIMAT0025846,0
MIMAT0025849,1
MIMAT0026617,0
MIMAT0026620,0
MIMAT0026735,0
MIMAT0026736,0
MIMAT0026737,0
MIMAT0026765,0
MIMAT0027363,0
MIMAT0027382,0
MIMAT0027399,0
MIMAT0027402,0
MIMAT0027423,0
MIMAT0027433,0
MIMAT0027465,0
MIMAT0027469,0
MIMAT0027626,0
MIMAT0027662,0
MIMAT0027668,0
MIMAT0027674,0
MIMAT0030018,0
MIMAT0001630,0
MIMAT0003323,1
MIMAT0004284,0
MIMAT0004595,0
MIMAT0004612,0
MIMAT0004804,0
MIMAT0005875,0
MIMAT0009203,1
MIMAT0011157,1
MIMAT0018070,0
MIMAT0018195,1
MIMAT0018949,0
MIMAT0018976,0
MIMAT0019024,0
MIMAT0019068,0
MIMAT0019071,0
MIMAT0019796,0
MIMAT0019864,0
MIMAT0019982,0
MIMAT0021129,0
MIMAT0026482,0
MIMAT0027357,0
MIMAT0027600,0
MIMAT0027637,0
MIMAT0027665,0
MIMAT0030424,0
MIMAT0004698,1
MIMAT0004924,0
MIMAT0014994,0
MIMAT0015051,0
MIMAT0015071,0
MIMAT0018083,1
MIMAT0018936,0
MIMAT0018950,0
MIMAT0018975,0
MIMAT0019232,1
MIMAT0019698,0
MIMAT0019779,0
MIMAT0019802,0
MIMAT0019948,1
MIMAT0019969,0
MIMAT0021029,0
MIMAT0021030,1
MIMAT0021081,1
MIMAT0021119,0
MIMAT0022294,1
MIMAT0022489,0
MIMAT0022839,0
MIMAT0027395,0
MIMAT0027432,0
MIMAT0027449,0
MIMAT0027463,0
MIMAT0027537,0
MIMAT0027573,0
MIMAT0030428,0
MIMAT0002848,1
MIMAT0003225,0
MIMAT0003313,0
MIMAT0004562,1
MIMAT0004910,0
MIMAT0005789,0
MIMAT0005891,0
MIMAT0007885,1
MIMAT0018184,0
MIMAT0019052,0
MIMAT0019078,0
MIMAT0019738,1
MIMAT0019815,0
MIMAT0024614,0
MIMAT0025459,0
MIMAT0025475,0
MIMAT0026612,0
MIMAT0026619,0
MIMAT0027359,0
MIMAT0027527,0
MIMAT0027529,0
MIMAT0027551,0
MIMAT0027625,0
MIMAT0027647,0
MIMAT0027675,0
MIMAT0027688,0
MIMAT0003327,1
MIMAT0009201,0
MIMAT0015004,0
MIMAT0015009,0
MIMAT0015076,0
MIMAT0019037,1
MIMAT0019233,0
MIMAT0019827,0
MIMAT0019866,0
MIMAT0019879,0
MIMAT0019892,0
MIMAT0019950,0
MIMAT0021028,0
MIMAT0021082,0
MIMAT0022691,0
MIMAT0022939,0
MIMAT0025456,0
MIMAT0026610,0
MIMAT0026917,0
MIMAT0026921,0
MIMAT0027103,1
MIMAT0027380,0
MIMAT0027452,0
MIMAT0027510,0
MIMAT0027603,0
MIMAT0028220,0
MIMAT0028227,0
MIMAT0031890,1
MIMAT0032026,1
MIMAT0004591,1
MIMAT0018103,0
MIMAT0019016,0
MIMAT0019708,0
MIMAT0019780,0
MIMAT0019917,0
MIMAT0019964,0
MIMAT0027041,0
MIMAT0027413,0
MIMAT0027445,0
MIMAT0027572,0
MIMAT0027661,0
MIMAT0000422,1
MIMAT0002851,1
MIMAT0002863,1
MIMAT0002864,0
MIMAT0002869,1
MIMAT0004548,1
MIMAT0004803,0
MIMAT0005800,1
MIMAT0005897,0
MIMAT0011778,0
MIMAT0015010,0
MIMAT0015078,0
MIMAT0018102,1
MIMAT0019700,0
MIMAT0019736,0
MIMAT0019789,0
MIMAT0019811,0
MIMAT0019819,0
MIMAT0019884,0
MIMAT0019932,0
MIMAT0021124,0
MIMAT0022273,0
MIMAT0022290,0
MIMAT0025464,0
MIMAT0027374,0
MIMAT0027486,0
MIMAT0027528,0
MIMAT0027568,0
MIMAT0027664,0
MIMAT0028117,0
MIMAT0003165,0
MIMAT0004975,0
MIMAT0013515,0
MIMAT0015029,0
MIMAT0018122,0
MIMAT0018202,0
MIMAT0019021,0
MIMAT0019057,0
MIMAT0019235,0
MIMAT0019709,0
MIMAT0019737,1
MIMAT0019769,0
MIMAT0019829,0
MIMAT0019857,0
MIMAT0019860,0
MIMAT0019937,0
MIMAT0019960,0
MIMAT0019977,0
MIMAT0025453,0
MIMAT0025482,0
MIMAT0027485,0
MIMAT0027495,0
MIMAT0027671,0
MIMAT0032114,0
MIMAT0005894,0
MIMAT0005916,0
MIMAT0015002,0
MIMAT0015053,1
MIMAT0015070,0
MIMAT0016858,0
MIMAT0018076,0
MIMAT0018350,0
MIMAT0018359,0
MIMAT0019724,0
MIMAT0019818,0
MIMAT0019837,0
MIMAT0027535,0
MIMAT0027536,0
MIMAT0027633,0
MIMAT0027641,0
MIMAT0031175,0
MIMAT0003883,1
MIMAT0004516,0
MIMAT0005826,0
MIMAT0005876,0
MIMAT0015069,1
MIMAT0018003,0
MIMAT0019055,0
MIMAT0019830,0
MIMAT0021034,0
MIMAT0022280,0
MIMAT0022283,0
MIMAT0025473,0
MIMAT0027036,0
MIMAT0027375,0
MIMAT0027407,0
MIMAT0027690,0
MIMAT0000421,1
MIMAT0000726,0
MIMAT0003280,0
MIMAT0005572,0
MIMAT0015037,0
MIMAT0015083,0
MIMAT0018932,0
MIMAT0019690,0
MIMAT0019707,0
MIMAT0019743,0
MIMAT0019759,0
MIMAT0019816,0
MIMAT0019843,0
MIMAT0022977,0
MIMAT0025858,0
MIMAT0027383,0
MIMAT0027455,0
MIMAT0027501,0
MIMAT0027502,0
MIMAT0027515,0
MIMAT0027550,0
MIMAT0027632,0
MIMAT0030423,0
MIMAT0030429,0
MIMAT0031176,0
MIMAT0002824,1
MIMAT0002826,1
MIMAT0003215,1
MIMAT0004794,0
MIMAT0004798,0
MIMAT0004960,0
MIMAT0005906,0
MIMAT0011775,0
MIMAT0015036,0
MIMAT0015052,0
MIMAT0015079,0
MIMAT0017983,0
MIMAT0018997,0
MIMAT0019733,0
MIMAT0019782,0
MIMAT0019849,1
MIMAT0020924,0
MIMAT0020956,0
MIMAT0025468,0
MIMAT0026473,0
MIMAT0027362,0
MIMAT0027371,0
MIMAT0027503,0
MIMAT0027504,0
MIMAT0027552,0
MIMAT0027596,0
MIMAT0027629,0
MIMAT0027677,0
MIMAT0028109,0
MIMAT0001532,0
MIMAT0015055,0
MIMAT0017988,0
MIMAT0018104,0
MIMAT0019074,0
MIMAT0019206,0
MIMAT0019236,0
MIMAT0019711,0
MIMAT0019919,0
MIMAT0021122,0
MIMAT0022258,0
MIMAT0022295,0
MIMAT0027027,0
MIMAT0027446,0
MIMAT0027493,0
MIMAT0027615,0
MIMAT0028116,0
MIMAT0004916,0
MIMAT0018189,0
MIMAT0019719,0
MIMAT0021019,0
MIMAT0027403,0
MIMAT0027509,0
MIMAT0027554,0
MIMAT0030999,0
MIMAT0007399,0
MIMAT0015017,0
MIMAT0015018,0
MIMAT0018072,0
MIMAT0018947,0
MIMAT0019001,0
MIMAT0019011,0
MIMAT0019910,0
MIMAT0022257,0
MIMAT0025461,0
MIMAT0027037,0
MIMAT0027458,0
MIMAT0027636,0
MIMAT0031181,0
MIMAT0004919,0
MIMAT0014999,0
MIMAT0016884,0
MIMAT0018965,1
MIMAT0019888,0
MIMAT0019983,0
MIMAT0027364,0
MIMAT0027473,0
MIMAT0027522,0
MIMAT0028124,0
MIMAT0004675,0
MIMAT0004913,1
MIMAT0007888,0
MIMAT0015001,0
MIMAT0017996,0
MIMAT0019785,0
MIMAT0019846,0
MIMAT0019872,0
MIMAT0026742,0
MIMAT0027451,0
MIMAT0027467,0
MIMAT0027479,0
MIMAT0027576,0
MIMAT0027580,0
MIMAT0027617,0
MIMAT0005907,0
MIMAT0019701,0
MIMAT0019751,0
MIMAT0019858,0
MIMAT0019893,0
MIMAT0020958,0
MIMAT0022269,0
MIMAT0025487,0
MIMAT0025852,0
MIMAT0027356,0
MIMAT0027518,0
MIMAT0027579,0
MIMAT0030430,0
MIMAT0018005,0
MIMAT0018198,1
MIMAT0019215,0
MIMAT0019838,0
MIMAT0019859,0
MIMAT0019903,0
MIMAT0027499,0
MIMAT0002836,1
MIMAT0002843,1
MIMAT0002846,1
MIMAT0003228,0
MIMAT0018444,0
MIMAT0018937,0
MIMAT0019691,0
MIMAT0019767,0
MIMAT0019941,0
MIMAT0004764,0
MIMAT0019061,1
MIMAT0019713,0
MIMAT0019765,0
MIMAT0019885,0
MIMAT0022278,0
MIMAT0027388,0
MIMAT0027534,0
MIMAT0027651,0
MIMAT0030420,0
MIMAT0002855,1
MIMAT0003311,0
MIMAT0004986,0
MIMAT0007890,0
MIMAT0014977,0
MIMAT0014996,0
MIMAT0019904,1
MIMAT0019966,0
MIMAT0022302,0
MIMAT0022945,0
MIMAT0022967,0
MIMAT0027088,0
MIMAT0027360,0
MIMAT0027373,0
MIMAT0027386,0
MIMAT0027471,0
MIMAT0027490,0
MIMAT0027491,0
MIMAT0027508,0
MIMAT0027543,0
MIMAT0027611,0
MIMAT0027621,0
MIMAT0027646,0
MIMAT0002837,1
MIMAT0002850,1
MIMAT0004779,0
MIMAT0005591,0
MIMAT0007882,0
MIMAT0015024,0
MIMAT0019721,0
MIMAT0019727,0
MIMAT0019809,0
MIMAT0019836,0
MIMAT0019928,0
MIMAT0021025,0
MIMAT0022474,0
MIMAT0025481,0
MIMAT0027441,0
MIMAT0027558,0
MIMAT0027559,0
MIMAT0030425,0
MIMAT0004979,0
MIMAT0005573,0
MIMAT0017998,0
MIMAT0018188,0
MIMAT0018445,0
MIMAT0019231,0
MIMAT0019741,0
MIMAT0019754,0
MIMAT0019784,0
MIMAT0021116,0
MIMAT0022966,0
MIMAT0023709,0
MIMAT0027378,0
MIMAT0027392,0
MIMAT0027533,0
MIMAT0027586,0
MIMAT0027656,0
MIMAT0005902,1
MIMAT0018106,0
MIMAT0019916,0
MIMAT0019929,0
MIMAT0027589,0
MIMAT0027613,0
MIMAT0019041,0
MIMAT0019044,0
MIMAT0004925,0
MIMAT0019034,0
MIMAT0027345,0
MIMAT0015014,0
MIMAT0015089,0
MIMAT0027628,0
MIMAT0018105,0
MIMAT0019065,0
MIMAT0019839,0
MIMAT0019854,0
MIMAT0019891,0
MIMAT0027355,0
MIMAT0027409,0
MIMAT0027549,0
MIMAT0027561,0
MIMAT0027631,0
MIMAT0020541,0
MIMAT0018111,0
MIMAT0022275,0
MIMAT0015063,0
MIMAT0018082,0
MIMAT0019038,0
MIMAT0019056,0
MIMAT0026641,0
MIMAT0027447,0
MIMAT0027523,0
MIMAT0027672,0
MIMAT0017999,1
MIMAT0018090,0
MIMAT0018939,0
MIMAT0019753,0
MIMAT0019878,0
MIMAT0005459,0
MIMAT0005936,0
MIMAT0018993,0
MIMAT0024616,0
MIMAT0027581,0
MIMAT0002170,0
MIMAT0003238,0
MIMAT0003271,0
MIMAT0005895,1
MIMAT0014982,0
MIMAT0015034,0
MIMAT0017989,0
MIMAT0019205,0
MIMAT0019230,0
MIMAT0019810,0
MIMAT0019876,0
MIMAT0019933,0
MIMAT0021041,0
MIMAT0027353,0
MIMAT0027444,0
MIMAT0027545,0
MIMAT0027562,0
MIMAT0019053,0
MIMAT0019874,0
MIMAT0027400,0
MIMAT0027547,0
MIMAT0002877,0
MIMAT0019198,0
MIMAT0019720,0
MIMAT0019942,0
MIMAT0026608,0
MIMAT0027366,0
MIMAT0027459,0
MIMAT0027599,0
MIMAT0027640,0
MIMAT0015023,0
MIMAT0015062,0
MIMAT0019069,0
MIMAT0019072,0
MIMAT0019755,0
MIMAT0019817,0
MIMAT0019848,0
MIMAT0021079,0
MIMAT0022948,0
MIMAT0032029,0
MIMAT0015087,0
MIMAT0019023,0
MIMAT0019723,0
MIMAT0019944,0
MIMAT0019951,0
MIMAT0022713,0
MIMAT0022979,0
MIMAT0015022,0
MIMAT0015043,0
MIMAT0018355,0
MIMAT0018969,0
MIMAT0019029,0
MIMAT0019794,0
MIMAT0019940,0
MIMAT0026611,0
MIMAT0027426,0
MIMAT0027582,0
MIMAT0019887,0
MIMAT0027411,0
MIMAT0027442,0
MIMAT0027594,0
MIMAT0005921,0
MIMAT0019778,0
MIMAT0021086,0
MIMAT0022285,0
MIMAT0005576,0
MIMAT0019976,0
MIMAT0025844,0
MIMAT0027616,0
MIMAT0019699,0
MIMAT0022259,0
MIMAT0027381,0
MIMAT0027408,0
MIMAT0027670,0
MIMAT0018352,0
MIMAT0031012,0
MIMAT0027457,0
MIMAT0015006,0
MIMAT0017997,0
MIMAT0010251,1
MIMAT0019692,0
MIMAT0022266,0
MIMAT0026638,0
MIMAT0030416,0
MIMAT0027492,0
MIMAT0002879,0
MIMAT0004807,0
MIMAT0019697,0
MIMAT0026741,0
MIMAT0028114,0
MIMAT0000723,0
MIMAT0004566,0
MIMAT0004508,0
MIMAT0015044,0
MIMAT0022495,0
MIMAT0022702,0
MIMAT0026744,0
MIMAT0027390,0
MIMAT0027542,0
MIMAT0027597,0
MIMAT0002825,1
MIMAT0002829,0
MIMAT0002854,1
MIMAT0003320,0
MIMAT0015038,0
MIMAT0019054,0
MIMAT0019773,0
MIMAT0019820,0
MIMAT0022478,0
MIMAT0027544,0
MIMAT0018979,0
MIMAT0019775,0
MIMAT0019825,0
MIMAT0019900,1
MIMAT0022274,0
MIMAT0022297,0
MIMAT0026916,0
MIMAT0027526,0
MIMAT0027578,0
MIMAT0027595,0
MIMAT0027673,0
MIMAT0028126,0
MIMAT0028224,0
MIMAT0028225,0
MIMAT0003237,0
MIMAT0018113,0
MIMAT0019797,0
MIMAT0027524,0
MIMAT0027644,0
MIMAT0028115,0
MIMAT0019909,0
MIMAT0025465,0
MIMAT0018192,0
MIMAT0018988,0
MIMAT0019862,1
MIMAT0003282,0
MIMAT0018933,0
MIMAT0018206,0
MIMAT0027575,0
MIMAT0027634,0
MIMAT0003337,0
MIMAT0004490,0
MIMAT0004596,0
MIMAT0013771,1
MIMAT0027488,0
MIMAT0027539,0
MIMAT0027680,0
MIMAT0003255,0
MIMAT0019717,0
MIMAT0019715,0
MIMAT0027038,0
MIMAT0027468,0
MIMAT0019742,0
MIMAT0019842,0
MIMAT0027546,0
MIMAT0027564,0
MIMAT0003305,0
MIMAT0005877,0
MIMAT0005918,0
MIMAT0015033,0
MIMAT0015080,0
MIMAT0019852,0
MIMAT0022735,0
MIMAT0022938,0
MIMAT0027475,0
MIMAT0027483,0
MIMAT0027489,0
MIMAT0027583,0
MIMAT0012735,0
MIMAT0019695,0
MIMAT0019875,0
MIMAT0019886,0
MIMAT0022470,0
MIMAT0027474,0
MIMAT0027609,0
MIMAT0027645,0
MIMAT0027657,0
MIMAT0015025,0
MIMAT0016866,0
MIMAT0022476,0
MIMAT0022501,0
MIMAT0027418,0
MIMAT0003252,0
MIMAT0003279,0
MIMAT0005883,0
MIMAT0009206,0
MIMAT0015016,0
MIMAT0018200,0
MIMAT0018928,0
MIMAT0018945,0
MIMAT0018948,0
MIMAT0018963,0
MIMAT0019040,0
MIMAT0019049,0
MIMAT0019813,0
MIMAT0019833,0
MIMAT0019913,0
MIMAT0019914,0
MIMAT0022260,0
MIMAT0027389,0
MIMAT0027592,0
MIMAT0027598,0
MIMAT0027602,0
MIMAT0027639,0
MIMAT0027643,0
MIMAT0027655,0
MIMAT0028110,0
MIMAT0028119,0
MIMAT0028120,0
MIMAT0005586,0
MIMAT0016891,0
MIMAT0019730,0
MIMAT0019868,0
MIMAT0022486,0
MIMAT0015048,0
MIMAT0015081,0
MIMAT0019224,0
MIMAT0019861,0
MIMAT0003270,0
MIMAT0004185,1
MIMAT0007891,0
MIMAT0018940,0
MIMAT0019064,0
MIMAT0019226,0
MIMAT0019722,0
MIMAT0019771,0
MIMAT0022303,0
MIMAT0027385,0
MIMAT0027394,0
MIMAT0028232,0
MIMAT0004981,0
MIMAT0019703,0
MIMAT0021121,0
MIMAT0002812,0
MIMAT0003308,0
MIMAT0019197,0
MIMAT0019897,0
MIMAT0022263,0
MIMAT0022490,0
MIMAT0027520,0
MIMAT0027574,0
MIMAT0005788,0
MIMAT0019222,0
MIMAT0015039,0
MIMAT0015040,0
MIMAT0019956,0
MIMAT0030426,0
MIMAT0004812,0
MIMAT0018951,0
MIMAT0018967,0
MIMAT0027437,0
MIMAT0007401,0
MIMAT0018081,0
MIMAT0021045,0
MIMAT0022288,0
MIMAT0015007,0
MIMAT0018942,0
MIMAT0019923,0
MIMAT0022289,0
MIMAT0027453,0
MIMAT0004976,0
MIMAT0027398,0
MIMAT0019067,0
MIMAT0019787,0
MIMAT0019938,0
MIMAT0026637,0
MIMAT0027421,0
MIMAT0005944,0
MIMAT0026613,0
MIMAT0019718,0
MIMAT0027638,0
MIMAT0019899,0
MIMAT0027494,0
MIMAT0003315,0
MIMAT0011162,0
MIMAT0019821,0
MIMAT0027464,0
MIMAT0027548,0
MIMAT0004687,0
MIMAT0027415,0
MIMAT0003219,0
MIMAT0003278,0
MIMAT0005898,0
MIMAT0018085,0
MIMAT0018998,0
MIMAT0019952,0
MIMAT0021125,0
MIMAT0027478,0
MIMAT0031120,0
MIMAT0014998,0
MIMAT0016915,0
MIMAT0019915,0
MIMAT0027470,0
MIMAT0004795,0
MIMAT0022942,0
MIMAT0007883,0
MIMAT0019882,0
MIMAT0019947,0
MIMAT0027678,0
MIMAT0028125,0
MIMAT0019227,0
MIMAT0021039,0
MIMAT0018353,0
MIMAT0027424,0
MIMAT0027484,0
MIMAT0005913,0
MIMAT0028213,0
MIMAT0004948,0
MIMAT0022479,0
MIMAT0014986,0
MIMAT0004492,0
MIMAT0005908,0
MIMAT0014989,0
MIMAT0019204,0
MIMAT0022984,0
MIMAT0027679,0
MIMAT0018190,0
MIMAT0027620,0
MIMAT0018982,0
MIMAT0027540,0
MIMAT0027683,0
MIMAT0019806,0
MIMAT0027623,0
MIMAT0014997,0
MIMAT0019022,0
MIMAT0027566,0
MIMAT0022481,0
MIMAT0022737,0
MIMAT0004777,0
MIMAT0022728,0
MIMAT0025842,0
MIMAT0003290,0
MIMAT0022724,0
MIMAT0014978,0
MIMAT0022484,0
MIMAT0003267,1
MIMAT0018117,0
MIMAT0014983,0
MIMAT0019213,0
MIMAT0003223,0
MIMAT0019228,0
MIMAT0019799,0
MIMAT0027372,0
MIMAT0019793,0
MIMAT0031013,0
MIMAT0016862,0
MIMAT0019203,0
MIMAT0005879,0
MIMAT0007892,0
MIMAT0019081,0
MIMAT0027593,0
MIMAT0003325,1
MIMAT0022475,0
MIMAT0005823,0
MIMAT0025469,0
MIMAT0027538,0
MIMAT0027569,0
MIMAT0019082,0
MIMAT0027462,0
MIMAT0018065,0
MIMAT0022717,0
MIMAT0019704,0
MIMAT0019705,0
MIMAT0027391,0
MIMAT0027498,0
MIMAT0028223,0
MIMAT0015067,0
MIMAT0003333,0
MIMAT0003291,0
MIMAT0015011,0
MIMAT0019745,0
MIMAT0003264,0
MIMAT0000683,0
MIMAT0018957,0
MIMAT0027443,0
MIMAT0027660,0
MIMAT0000771,0
MIMAT0003217,0
MIMAT0018179,0
MIMAT0018938,0
MIMAT0027624,0
MIMAT0027687,0
MIMAT0015061,0
MIMAT0019971,0
MIMAT0028233,0
MIMAT0003277,0
MIMAT0018196,0
MIMAT0019959,0
MIMAT0027416,0
MIMAT0027571,0
MIMAT0015026,0
MIMAT0019906,0
MIMAT0015021,0
MIMAT0015046,0
MIMAT0015065,0
MIMAT0000684,0
MIMAT0027630,0
MIMAT0027379,0
MIMAT0003272,0
MIMAT0019033,0
MIMAT0026624,0
MIMAT0019702,0
MIMAT0019777,0
MIMAT0027482,0
MIMAT0002828,0
MIMAT0026609,0
MIMAT0028230,0
MIMAT0019908,0
MIMAT0027500,0
MIMAT0015042,0
MIMAT0000715,0
MIMAT0013518,0
MIMAT0025476,0
MIMAT0019199,0
MIMAT0021084,0
MIMAT0022499,0
MIMAT0031006,0
MIMAT0000241,0
MIMAT0015088,0
MIMAT0026621,0
MIMAT0019076,0
MIMAT0019851,0
MIMAT0019803,0
MIMAT0018098,0
MIMAT0027532,0
MIMAT0003299,0
MIMAT0019714,0
MIMAT0019967,0
MIMAT0019828,0
MIMAT0019974,0
MIMAT0014984,0
MIMAT0018077,0
MIMAT0018953,0
MIMAT0005939,0
MIMAT0007881,0
MIMAT0019930,0
MIMAT0027404,0
MIMAT0003268,0
MIMAT0027614,0
MIMAT0018941,0
MIMAT0030986,0
MIMAT0019212,0
MIMAT0003300,0
MIMAT0019031,0
MIMAT0025480,0
MIMAT0027506,0
MIMAT0003335,0
MIMAT0027563,0
MIMAT0005925,0
MIMAT0022485,0
MIMAT0019786,0
MIMAT0019027,0
MIMAT0005953,0
MIMAT0022268,0
MIMAT0027367,0
MIMAT0027358,0
MIMAT0027460,0
MIMAT0031095,0
MIMAT0000718,0
MIMAT0019781,0
MIMAT0027427,0
MIMAT0019003,0
MIMAT0013517,0
MIMAT0019934,0
MIMAT0027686,0
MIMAT0027436,0
MIMAT0031008,0
MIMAT0007887,0
MIMAT0019921,0
MIMAT0027406,0
MIMAT0027590,0
MIMAT0022731,0
MIMAT0019766,0
MIMAT0022298,0
MIMAT0006765,0
MIMAT0027481,0
MIMAT0005911,0
MIMAT0019752,0
MIMAT0019946,0
MIMAT0027430,0
MIMAT0027605,0
MIMAT0027681,0
MIMAT0027676,0
MIMAT0019012,0
MIMAT0003274,0
MIMAT0018361,0
MIMAT0027653,0
MIMAT0027557,0
MIMAT0015060,0
MIMAT0027480,0
MIMAT0019945,0
MIMAT0018944,0
MIMAT0018980,0
MIMAT0019835,0
MIMAT0018943,0
MIMAT0019050,0
MIMAT0027511,0
MIMAT0018121,0
MIMAT0018971,0
MIMAT0019783,0
MIMAT0031180,0
MIMAT0027438,0
MIMAT0019791,0
MIMAT0019898,0
MIMAT0019079,0
MIMAT0019734,0
MIMAT0019832,0
MIMAT0027685,0
MIMAT0003317,0
MIMAT0023702,0
MIMAT0028113,0
MIMAT0019804,0
MIMAT0027658,0
MIMAT0004923,0
MIMAT0015064,0
MIMAT0030431,0
MIMAT0026636,0
MIMAT0004590,0
MIMAT0027512,0
MIMAT0010357,0
MIMAT0004922,0
MIMAT0003286,0
MIMAT0019975,0
MIMAT0018984,0
MIMAT0028112,0
MIMAT0019013,0
MIMAT0027619,0
MIMAT0026740,0
MIMAT0025850,0
MIMAT0018002,0
MIMAT0014981,0
MIMAT0016853,0
MIMAT0015086,0
MIMAT0027435,0
MIMAT0010313,0
MIMAT0019732,0
MIMAT0019834,0
MIMAT0021033,0
MIMAT0027456,0
MIMAT0027627,0
MIMAT0023712,0
MIMAT0026739,0
MIMAT0019217,0
MIMAT0022498,0
MIMAT0027652,0
MIMAT0027570,0
MIMAT0026749,0
MIMAT0028226,0
MIMAT0018078,0
MIMAT0027431,0
MIMAT0021085,0
MIMAT0027560,0
MIMAT0019984,0
MIMAT0023698,0
MIMAT0003251,0
MIMAT0016876,0
MIMAT0022741,0
MIMAT0026474,0
MIMAT0027405,0
MIMAT0018992,0
MIMAT0027377,0
MIMAT0026640,0
MIMAT0018985,0
MIMAT0022284,0
MIMAT0022946,0
MIMAT0005880,0
MIMAT0019881,0
MIMAT0023704,0
MIMAT0018084,0
MIMAT0019009,0
MIMAT0019066,0
MIMAT0025857,0
MIMAT0027440,0
MIMAT0022279,0
MIMAT0027601,0
MIMAT0019019,0
MIMAT0028121,0
MIMAT0027472,0
MIMAT0018994,0
MIMAT0007347,0
MIMAT0005915,0
MIMAT0005791,0
MIMAT0007886,0
MIMAT0016873,0
MIMAT0019972,0
MIMAT0025454,0
MIMAT0027387,0
MIMAT0019735,0
MIMAT0019080,0
